reject,sentence,sentence_original,mean_mem,low_mem_words,mid_mem_words,high_mem_words,index,original_index,has_edit
,Can anyone give me any tips?,Can anyone give me any tips?,0.7385985886,give,,,,c4_-om2-data-public-allenai-c4-c4-en-c4-train.00727-of-01024.json.gz.02883519,False
,Nothing exciting but better than nothing!,Nothing exciting but better than nothing!,0.7369146976,better,,,,c4_-om2-data-public-allenai-c4-c4-en-c4-train.00514-of-01024.json.gz.01138997,False
,Not a sound disturbed the night.,Not a sound disturbed the night.,0.7407492011,disturbed,,,torontoadv.6.047740,torontoadv.807327,False
,Or perhaps the distinction is blurred?,Or perhaps the distinction is blurred?,0.7411593968,perhaps,,,,c4_-om2-data-public-allenai-c4-c4-en-c4-train.00727-of-01024.json.gz.01200954,False
,Or perhaps someone purposefully implanted it.,Or perhaps someone purposefully implanted it.,0.741945413,perhaps,,,torontofantasy.6.076876,torontofantasy.1138058,False
,Four of those are already sold.,Four of those are already sold.,0.7394647772,already,,,cocaspok2004.6.004555,cocaspok2004.0071190,False
,"And besides, it had been satisfying.","And besides, it had been satisfying.",0.7321036934,besides,,,torontomyst.6.089536,torontomyst.1204279,False
,No surprise perhaps to most people.,No surprise perhaps to most people.,0.736116189,perhaps,,,cocaspok2009.6.008519,cocaspok2009.0109651,False
,They'll be a very strong company.,Theyll be a very strong company.,0.7288281106,strong,,,cocaspok2001.6.002252,cocaspok2001.0039924,True
,They send frequent health messages also.,They send frequent health messages also.,0.7393742407,frequent,,,,c4_-om2-data-public-allenai-c4-c4-en-c4-train.00480-of-01024.json.gz.03056467,False
,Broad or complex understanding of health.,Broad or complex understanding of health.,0.7397120983,broad,,,,c4_-om2-data-public-allenai-c4-c4-en-c4-train.00514-of-01024.json.gz.03670792,False
,How much could one person endure?,How much could one person endure?,0.7349146023,endure,,,torontomyst.6.063829,torontomyst.887322,False
,"Reliable, secure and no paperwork needed!","Reliable, Secure and No Paperwork Needed!",0.7369494601,secure,,,,c4_-om2-data-public-allenai-c4-c4-en-c4-train.00491-of-01024.json.gz.04388867,True
,But I had already designed it.,But I had already designed it.,0.7398504917,already,,,torontomyst.6.000589,torontomyst.10435,False
,You can still find that kind.,You can still find that kind.,0.7416413361,still,,,cocaspok1995.6.006264,cocaspok1995.077744,False
,I never felt so clean before.,I never felt so clean before.,0.7355091574,clean,,,cornellmov.6.004633,cornellmov.0026113,False
,You are too valuable to quit.,You are too valuable to quit.,0.7342621806,valuable,,,,c4_-om2-data-public-allenai-c4-c4-en-c4-train.00491-of-01024.json.gz.02908180,False
,Perhaps if he'd let them retreat...,Perhaps if he'd let them retreat...,0.7373283589,perhaps,,,torontofantasy.6.164155,torontofantasy.2229945,False
,"I was still standing, still fighting.","I was still standing, still fighting.",0.7417934008,"still,still",,,torontofantasy.6.106244,torontofantasy.1532140,False
,Then you must make all speed.,Then you must make all speed.,0.7415911943,must,,,torontofantasy.6.483370,torontofantasy.6302254,False
,I can't get hold of him.,I can't get hold of him.,0.7418648204,hold,,,cornellmov.6.032957,cornellmov.0200356,False
,But they were still out there.,But they were still out there.,0.7389919817,still,,,torontofantasy.6.170161,torontofantasy.2304322,False
,"Better strategies, better plans, better projects.","Better strategies, better plans, better projects.",0.7392966396,"better,better,better",,,,c4_-om2-data-public-allenai-c4-c4-en-c4-train.00480-of-01024.json.gz.01371165,False
,It is so simple to clean.,It is so simple to clean.,0.7302877295,clean,,,,c4_-om2-data-public-allenai-c4-c4-en-c4-train.00242-of-01024.json.gz.00923544,False
,We are also strong community supporters.,We are also strong community supporters.,0.7372538373,strong,,,,c4_-om2-data-public-allenai-c4-c4-en-c4-train.00196-of-01024.json.gz.01471259,False
,Patience was never her strong point.,Patience was never her strong point.,0.7382300735,strong,,,torontofantasy.6.429558,torontofantasy.5666045,False
,He was still lamenting its loss.,He was still lamenting its loss.,0.7423242444,still,,,torontoadv.6.006886,torontoadv.117276,False
,Perhaps it won't even be news.,Perhaps it won't even be news.,0.7405097965,perhaps,,,,c4_-om2-data-public-allenai-c4-c4-en-c4-train.00491-of-01024.json.gz.03677227,False
,"Well, that must feel pretty good.","Well, that must feel pretty good.",0.741751708,must,,,cocaspok2002.6.000746,cocaspok2002.0013331,False
,You've had plenty of time already!,You've had plenty of time already!,0.7404960732,already,,,cornellmov.6.015356,cornellmov.0087672,False
,Almost time for him to leave.,Almost time for him to leave.,0.7401898315,"almost,leave",,,torontomyst.6.048761,torontomyst.682834,False
,He was determined to fulfill it.,He was determined to fulfill it.,0.7318817324,determined,,,torontofantasy.6.091278,torontofantasy.1344099,False
,There we rebuilt every single one.,There we rebuilt every single one.,0.73702474,every,,,torontofantasy.6.058039,torontofantasy.839967,False
,"Comprehension of short, easy personal letters.","Comprehension of short, easy personal letters.",0.7417723393,easy,,,,c4_-om2-data-public-allenai-c4-c4-en-c4-train.00196-of-01024.json.gz.01177478,False
,But they hold up remarkably well.,But they hold up remarkably well.,0.7331620514,hold,,,,c4_-om2-data-public-allenai-c4-c4-en-c4-train.00918-of-01024.json.gz.02636848,False
,"Well, you can describe it accurately.","Well, you can describe it accurately.",0.7276352606,describe,,,cocaspok2007.6.003143,cocaspok2007.0038767,False
,Poppa's going to be here soon.,Poppa's going to be here soon.,0.7399997393,soon,,,torontomyst.6.090119,torontomyst.1212351,False
,Therefore to hold meetings by them.,Therefore to hold meetings by them.,0.7298490153,hold,,,,c4_-om2-data-public-allenai-c4-c4-en-c4-train.00368-of-01024.json.gz.01201833,False
,Throwing the fan - what's the outcome??,Throwing the fan - what's the outcome??,0.7409723316,outcome,,,,c4_-om2-data-public-allenai-c4-c4-en-c4-train.00514-of-01024.json.gz.03758919,False
,Let's give the events a recap.,Let's give the events a recap.,0.7415648552,give,,,,c4_-om2-data-public-allenai-c4-c4-en-c4-train.00480-of-01024.json.gz.01662155,False
,History is full of contrary evidence.,History is full of contrary evidence:,0.7361230943,full,,,wsj.6.001927,wsj.347894,True
,It only took a brief moment.,It only took a brief moment.,0.7341076792,brief,,,torontofantasy.6.033060,torontofantasy.479788,False
,"Statistically, we may be safe somewhat.","Statistically, we may be safe somewhat.",0.7239095784,somewhat,,,cocaspok1999.6.003229,cocaspok1999.0043756,False
,He was able to give directions.,He was able to give directions.,0.7298775112,give,,,torontomyst.6.001995,torontomyst.29208,False
,You must not fixate on them.,You must not fixate on them.,0.7328650698,must,,,torontofantasy.6.205639,torontofantasy.2783725,False
,But it wasn't easy for him.,But it wasn't easy for him.,0.734686133,easy,,,cocaspok2011.6.010241,cocaspok2011.0130760,False
,"A remarkable piece of writing, indeed!","A remarkable piece of writing, indeed!",0.7328544415,remarkable,,,,c4_-om2-data-public-allenai-c4-c4-en-c4-train.00242-of-01024.json.gz.00614896,False
,Time for a brief time out.,Time for a brief time out.,0.7396737377,brief,,,cocaspok2004.6.004957,cocaspok2004.0077635,False
,Detailed conclusion recaps arguments and evidence.,Detailed conclusion recaps arguments and evidence.,0.7361932764,detailed,,,,c4_-om2-data-public-allenai-c4-c4-en-c4-train.00918-of-01024.json.gz.04060091,False
,They have not been the problem.,They have not been the problem.,0.7336999449,problem,,,cocaspok1993.6.009132,cocaspok1993.0127932,False
,I just wanted to hurt him.,I just wanted to hurt him.,0.7392556903,hurt,,,torontomyst.6.063013,torontomyst.875853,False
,Focus on quality rather than quantity.,Focus on quality rather than quantity.,0.7270000244,focus,,,,c4_-om2-data-public-allenai-c4-c4-en-c4-train.00918-of-01024.json.gz.00227621,False
,It makes the situation extremely dangerous.,It makes the situation extremely dangerous.,0.7391854389,extremely,,,cocaspok1993.6.006849,cocaspok1993.0087754,False
,Those should be up very soon.,Those should be up very soon.,0.7316450222,soon,,,,c4_-om2-data-public-allenai-c4-c4-en-c4-train.00470-of-01024.json.gz.04815392,False
,I can't imagine life without them.,I can't imagine life without them.,0.7403887537,life,,,,c4_-om2-data-public-allenai-c4-c4-en-c4-train.00514-of-01024.json.gz.04021718,False
,We are afraid of any engineering.,We are afraid of any engineering.,0.7296107469,afraid,,,cocaspok1998.6.009912,cocaspok1998.0132401,False
,We must give time for time.,We must give time for time.,0.7419621519,"must,give",,,cornellmov.6.015535,cornellmov.0088676,False
,It was very easy to manage.,It was very easy to manage.,0.7247370559,easy,,,,c4_-om2-data-public-allenai-c4-c4-en-c4-train.00514-of-01024.json.gz.04906722,False
,It's almost embarrassing to all concerned.,It's almost embarrassing to all concerned.,0.7413305969,"almost,concerned",,,,c4_-om2-data-public-allenai-c4-c4-en-c4-train.00196-of-01024.json.gz.00542606,False
,We've tried escalation four times already.,We've tried escalation four times already.,0.7408965289,already,,,cocaspok2007.6.001785,cocaspok2007.0022163,False
,Puppies are totally capable of learning.,Puppies are totally capable of learning.,0.7333670239,capable,,,,c4_-om2-data-public-allenai-c4-c4-en-c4-train.00242-of-01024.json.gz.04266046,False
,Every part of it was delightful.,Every part of it was delightful.,0.7385273886,"every,delightful",,,,c4_-om2-data-public-allenai-c4-c4-en-c4-train.00514-of-01024.json.gz.01592383,False
,Because they have already earned enough.,Because they have already earned enough.,0.7418463887,already,,,,c4_-om2-data-public-allenai-c4-c4-en-c4-train.00196-of-01024.json.gz.02171126,False
,He'll kill every one of them.,He'll kill every one of them.,0.732618131,every,,,torontofantasy.6.417246,torontofantasy.5472287,False
,Nothing you would find very remarkable.,Nothing you would find very remarkable.,0.7333083687,remarkable,,,torontofantasy.6.321986,torontofantasy.4221480,False
,We'd be forced to land anyway.,We'd be forced to land anyway.,0.7362109207,forced,,,torontomyst.6.124476,torontomyst.1633221,False
,We're still perfecting a viewing system.,We're - - still perfecting a viewing system.,0.7392964278,"still,viewing",,,cornellmov.6.033227,cornellmov.0201963,True
,Not to give you a message.,Not to give you a message.,0.731830782,give,,,torontofantasy.6.434406,torontofantasy.5724274,False
,You are quite sure it's secure?,You are quite sure it's secure?,0.734629398,secure,,,cornellmov.6.006865,cornellmov.0039444,False
,They want to give to society.,They want to give to society.,0.7398956445,give,,,,c4_-om2-data-public-allenai-c4-c4-en-c4-train.00961-of-01024.json.gz.02833630,False
,They wanted a more exact match.,They wanted a more exact match.,0.7394680862,exact,,,torontomyst.6.123689,torontomyst.1623633,False
,And so every state is different.,And so every state is different.,0.74011228,every,,,cocaspok2011.6.001500,cocaspok2011.0018582,False
,But give it to me again.,But give it to me again.,0.7390408526,give,,,cornellmov.6.034138,cornellmov.0208051,False
,Their collaboration has been extremely successful.,Their collaboration has been extremely successful.,0.7211007689,extremely,,,,c4_-om2-data-public-allenai-c4-c4-en-c4-train.00196-of-01024.json.gz.04907159,False
,Others are afraid of losing them.,Others are afraid of losing them.,0.7213329948,afraid,,,cocaspok1992.6.005108,cocaspok1992.0066708,False
,And increasingly those pleasures were youthful.,And increasingly those pleasures were youthful.,0.7322589716,pleasures,,,cocaspok2004.6.007044,cocaspok2004.0106832,False
,I just couldn't leave without it.,I just couldn't leave without it.,0.7422691816,leave,,,,c4_-om2-data-public-allenai-c4-c4-en-c4-train.00368-of-01024.json.gz.01369339,False
,It saddened me to leave it.,It saddened me to leave it.,0.7352642242,leave,,,torontoadv.6.055217,torontoadv.919964,False
,That would be disturbing to me.,That would be disturbing to me.,0.7273519681,disturbing,,,cocaspok1997.6.005653,cocaspok1997.0068200,False
,Maybe this'll make you feel better.,Maybe this'll make you feel better.,0.739408734,better,,,cornellmov.6.012024,cornellmov.0068349,False
,Can a bru53x replace a bru5g?,Can a bru53x replace a bru5g?,0.7417186011,replace,,,,c4_-om2-data-public-allenai-c4-c4-en-c4-train.00514-of-01024.json.gz.01782355,False
,Event staff can provide referral information.,Event staff can provide referral information.,0.7358098341,event,,,,c4_-om2-data-public-allenai-c4-c4-en-c4-train.00491-of-01024.json.gz.00052498,False
,"Actually, is very easy to make!","Actually, is very easy to make!",0.7314760335,easy,,,,c4_-om2-data-public-allenai-c4-c4-en-c4-train.00480-of-01024.json.gz.00935467,False
,Do not have to be precise.,Do not have to be precise.,0.734897994,precise,,,,c4_-om2-data-public-allenai-c4-c4-en-c4-train.00491-of-01024.json.gz.02968827,False
,Souls feel a lot of sorrow.,Souls feel a lot of sorrow.,0.7289032743,sorrow,,,,c4_-om2-data-public-allenai-c4-c4-en-c4-train.00242-of-01024.json.gz.00956678,False
,The text wasn't easy for me.,The text wasn't easy for me.,0.7417785005,easy,,,torontofantasy.6.241948,torontofantasy.3213130,False
,"Besides, you might even learn something.","Besides, you might even learn something.",0.7407054829,besides,,,cornellmov.6.037305,cornellmov.0228490,False
,Omago asked with a puzzled frown.,Omago asked with a puzzled frown.,0.7419459602,frown,,,torontofantasy.6.417555,torontofantasy.5479459,False
,I was so ashamed and frightened.,I was so ashamed and frightened.,0.7365505421,frightened,,,cocaspok2006.6.009677,cocaspok2006.0144862,False
,But we will not offer terms.,But we will not offer terms.,0.7356333969,"offer,terms",,,torontofantasy.6.478686,torontofantasy.6227385,False
,Certain skills you just never forgot.,Certain skills you just never forgot.,0.7400001234,certain,,,torontofantasy.6.337942,torontofantasy.4439123,False
,They're frightened out of their minds!,They're frightened out of their minds!,0.7325607508,frightened,,,torontofantasy.6.123211,torontofantasy.1710807,False
,I hope you fulfill the longing.,I hope you fulfill the longing.,0.7380406159,longing,,,cocaspok2001.6.006468,cocaspok2001.0099327,False
,More like extremely happy and confident.,More like extremely happy and confident.,0.7410212666,extremely,,,torontofantasy.6.283581,torontofantasy.3691185,False
,The last notice should be noted.,The last notice should be noted.,0.7401137558,last,,,,c4_-om2-data-public-allenai-c4-c4-en-c4-train.00196-of-01024.json.gz.04000667,False
,Hold on just for a second.,Hold on just for a second.,0.739749086,hold,,,cocaspok1996.6.006081,cocaspok1996.0074932,False
,Mercy would be getting up soon.,Mercy would be getting up soon.,0.7363984916,soon,,,torontofantasy.6.037611,torontofantasy.559190,False
,They were concerned about various politicians.,They were concerned about various politicians.,0.7322017966,concerned,,,cocaspok2010.6.006144,cocaspok2010.0080316,False
,How are we going to cope?,How are we going to cope?,0.7406679136,cope,,,cornellmov.6.002404,cornellmov.0013613,False
,We played some games of chance.,We played some games of chance.,0.7364520283,played,,,,c4_-om2-data-public-allenai-c4-c4-en-c4-train.00961-of-01024.json.gz.01504769,False
,Would he be contacting me soon?,Would he be contacting me soon?,0.7374759385,soon,,,torontofantasy.6.312321,torontofantasy.4099535,False
,I'll get you some quick work.,I'll get you some quick work .,0.7421710158,quick,,,cornellmov.6.010620,cornellmov.0060200,True
,It was a very sad life.,It was a very sad life.,0.7407860523,life,,,cocaspok2000.6.006914,cocaspok2000.0110062,False
,He was still going to lose.,He was still going to lose.,0.7421326392,still,,,torontofantasy.6.206100,torontofantasy.2789148,False
,"For instance, accounts have account owners.","For instance, accounts have account owners.",0.7419057433,instance,,,,c4_-om2-data-public-allenai-c4-c4-en-c4-train.00491-of-01024.json.gz.04294259,False
,Two heads work better than one.,Two heads work better than one.,0.7390102956,better,,,,c4_-om2-data-public-allenai-c4-c4-en-c4-train.00961-of-01024.json.gz.03436244,False
,I can't confirm that for certain.,I can't confirm that for certain.,0.7422670828,certain,,,cocaspok2009.6.000407,cocaspok2009.0004073,False
,Because that would be too easy.,Because that would be too easy.,0.7362326442,easy,,,cornellmov.6.010998,cornellmov.0062310,False
,Else I'd still be locked up.,Else I'd still be locked up.,0.7390565515,still,,,torontofantasy.6.232466,torontofantasy.3099045,False
,Such a clean and simple method!,Such a clean and simple method!,0.7285668954,"such,clean",,,,c4_-om2-data-public-allenai-c4-c4-en-c4-train.00514-of-01024.json.gz.03864728,False
,The most economical seat we offer.,The most economical seat we offer.,0.7321102086,offer,,,,c4_-om2-data-public-allenai-c4-c4-en-c4-train.00368-of-01024.json.gz.03008606,False
,Purchase energy efficient equipment whenever possible.,Purchase energy efficient equipment whenever possible.,0.7263399749,whenever,,,,c4_-om2-data-public-allenai-c4-c4-en-c4-train.00727-of-01024.json.gz.04761154,False
,"Our strong point, our value proposition.","Our strong point, our value proposition.",0.7369794359,strong,,,cocaspok2005.6.005684,cocaspok2005.0089127,False
,Better if I just show you.,Better if I just show you.,0.7384886979,better,,,cornellmov.6.001484,cornellmov.0008126,False
,It must be getting more serious.,It must be getting more serious.,0.730368749,"must,serious",,,brown.6.001172,brown.023082,False
,You must not diverge any further.,You must not diverge any further.,0.731117753,must,,,torontofantasy.6.152299,torontofantasy.2072808,False
,It might be too late already.,It might be too late already.,0.7401691432,"late,already",,,cornellmov.6.023739,cornellmov.0141422,False
,Perhaps one or two stayed behind.,Perhaps one or two stayed behind.,0.7357654719,perhaps,,,torontoadv.6.032901,torontoadv.565382,False
,I'd always give them their due.,I'd always give them their due.,0.729436251,give,,,cocaspok2001.6.001607,cocaspok2001.0029119,False
,No obstacles remained ahead of her.,No obstacles remained ahead of her.,0.7266557682,remained,,,torontofantasy.6.325226,torontofantasy.4255488,False
,They've got a very strong theme.,They've got a very strong theme.,0.7358405577,strong,,,cocaspok2007.6.005948,cocaspok2007.0079628,False
,"Still talking, but unable to hear.","Still talking, but unable to hear.",0.7303036552,still,,,torontofantasy.6.029004,torontofantasy.422983,False
,What you describe is not unusual.,What you describe is not unusual.,0.7396253112,"describe,unusual",,,,c4_-om2-data-public-allenai-c4-c4-en-c4-train.00727-of-01024.json.gz.03924043,False
,They must not come to harm.,They must not come to harm..,0.7397000114,must,,,torontofantasy.6.462577,torontofantasy.6015944,True
,Public in a timely a manner.,Public in a timely a manner.,0.7261367263,manner,,,,c4_-om2-data-public-allenai-c4-c4-en-c4-train.00514-of-01024.json.gz.04151379,False
,Everyone wants to protect me lately.,Everyone wants to protect me lately.,0.7398032101,everyone,,,torontofantasy.6.178851,torontofantasy.2435901,False
,And for you could be free.,And for you could be free.,0.7419972749,free,,,,c4_-om2-data-public-allenai-c4-c4-en-c4-train.00368-of-01024.json.gz.02633234,False
,His voice was full of concern.,His voice was full of concern.,0.7368438537,full,,,torontofantasy.6.229738,torontofantasy.3069087,False
,He forced you to crave him.,He forced you to crave him.,0.7422463933,forced,,,torontofantasy.6.134026,torontofantasy.1835671,False
,They played cards for several hours.,They played cards for several hours.,0.7423756345,played,,,,c4_-om2-data-public-allenai-c4-c4-en-c4-train.00727-of-01024.json.gz.01632667,False
,That would perhaps eliminate the will.,That would perhaps eliminate the will.,0.7372767829,perhaps,,,cocaspok1993.6.002509,cocaspok1993.0034546,False
,God knows he'd been hurt enough.,God knows he'd been hurt enough.,0.7405470027,hurt,,,torontomyst.6.067306,torontomyst.933118,False
,Not a hint of life remained.,Not a hint of life remained.,0.7330890853,"life,remained",,,torontofantasy.6.353621,torontofantasy.4646449,False
,Is that easy enough for you?,Is that easy enough for you?,0.7322657846,easy,,,,c4_-om2-data-public-allenai-c4-c4-en-c4-train.00470-of-01024.json.gz.00942275,False
,Or arrogantly presuming I desire you?,Or arrogantly presuming I desire you?,0.7420710509,desire,,,torontofantasy.6.303233,torontofantasy.3971005,False
,But I forced myself to breathe.,But I forced myself to breathe.,0.7331902857,forced,,,torontofantasy.6.294818,torontofantasy.3852621,False
,But whenever he was with her...,But whenever he was with her...,0.7373308276,whenever,,,torontofantasy.6.223939,torontofantasy.2998495,False
,Well we must be missing somebody.,Well we must be missing somebody.,0.7329148329,must,,,cocaspok2006.6.006656,cocaspok2006.0104979,False
,The firing was brief and precise.,The firing was brief and precise.,0.7281416467,"brief,precise",,,,c4_-om2-data-public-allenai-c4-c4-en-c4-train.00480-of-01024.json.gz.00168008,False
,People are afraid to be different.,People are afraid to be different.,0.7217057646,afraid,,,cocaspok1996.6.000271,cocaspok1996.0004288,False
,Would you accept extremely difficult instead?,Would you accept extremely difficult instead?,0.720113856,extremely,,,torontofantasy.6.414306,torontofantasy.5431444,False
,Certainly it is a formal step.,Certainly it is a formal step.,0.7346870036,formal,,,cocaspok2006.6.005379,cocaspok2006.0086254,False
,Panic rooted me to the spot.,Panic rooted me to the spot.,0.7375221788,spot,,,torontofantasy.6.105109,torontofantasy.1516304,False
,I had a very secure feeling.,I had a very secure feeling.,0.7252615867,secure,,,cocaspok2008.6.002598,cocaspok2008.0032561,False
,He has a very powerful ship.,He has a very powerful ship.,0.7323957773,powerful,,,cornellmov.6.018481,cornellmov.0107256,False
,They are tending to the wounded.,They are tending to the wounded.,0.7351588338,wounded,,,cocaspok1998.6.010182,cocaspok1998.0137229,False
,We know it will be delightful.,We know it will be delightful.,0.7372874849,delightful,,,,c4_-om2-data-public-allenai-c4-c4-en-c4-train.00196-of-01024.json.gz.01098782,False
,The remnants of a life raft.,The remnants of a life raft.,0.7419488433,life,,,cornellmov.6.035431,cornellmov.0216208,False
,It also promotes critical thinking skills.,It also promotes critical thinking skills.,0.7399933234,critical,,,,c4_-om2-data-public-allenai-c4-c4-en-c4-train.00470-of-01024.json.gz.04116842,False
,I tried for a quick recovery.,I tried for a quick recovery.,0.7324100846,quick,,,torontofantasy.6.456849,torontofantasy.5933636,False
,This was a very strong case.,This was a very strong case.,0.7367805239,strong,,,cocaspok1998.6.004789,cocaspok1998.0064464,False
,"First of all, we are bewildered.","First of all, we are bewildered.",0.7389734043,bewildered,,,cocaspok1998.6.002043,cocaspok1998.0028465,False
,"Quoting is easy, painless and precise.","Quoting is easy, painless and precise.",0.7417109739,"easy,precise",,,,c4_-om2-data-public-allenai-c4-c4-en-c4-train.00242-of-01024.json.gz.03075842,False
,The usual chatter has been suspended.,The usual chatter has been suspended.,0.7365681461,suspended,,,torontofantasy.6.151496,torontofantasy.2061992,False
,Hail is a particularly strong foe.,Hail is a particularly strong foe.,0.7414809136,strong,,,,c4_-om2-data-public-allenai-c4-c4-en-c4-train.00196-of-01024.json.gz.00145152,False
,Chemically we are already quite sympathetic.,Chemically we are already quite sympathetic.,0.7276391223,already,,,cornellmov.6.022327,cornellmov.0132074,False
,Thanks every one for your suggestions.,Thanks every one for your suggestions.,0.7372195815,every,,,,c4_-om2-data-public-allenai-c4-c4-en-c4-train.00961-of-01024.json.gz.02320321,False
,Confirm that the list is accurate.,Confirm that the list is accurate.,0.7368278183,accurate,,,,c4_-om2-data-public-allenai-c4-c4-en-c4-train.00727-of-01024.json.gz.03164416,False
,Quick with a moral and advice.,Quick with a moral and advice.,0.738573767,quick,,,torontofantasy.6.205154,torontofantasy.2778295,False
,You must not have heard me.,You must not have heard me.,0.7391880111,must,,,cocaspok1994.6.005443,cocaspok1994.0069214,False
,A surprising and extremely unusual strategy.,A surprising and extremely unusual strategy.,0.7287210137,"extremely,unusual",,,cocaspok2011.6.000304,cocaspok2011.0003285,False
,I believe we can be better.,I believe we can be better.,0.738444057,better,,,cocaspok1992.6.003918,cocaspok1992.0050518,False
,The guards won't be any problem.,The guards won't be any problem.,0.7258663088,problem,,,torontofantasy.6.411167,torontofantasy.5387658,False
,I'm still trying to catch up.,I'm still trying to catch up.,0.7374205988,still,,,,c4_-om2-data-public-allenai-c4-c4-en-c4-train.00491-of-01024.json.gz.00447156,False
,I guarantee you will feel better.,I guarantee you will feel better.,0.7305599803,better,,,,c4_-om2-data-public-allenai-c4-c4-en-c4-train.00242-of-01024.json.gz.04457050,False
,Both companies will sell the software.,Both companies will sell the software.,0.7401528964,sell,,,wsj.6.000878,wsj.159865,False
,Some of them are extremely tall.,Some of them are extremely tall.,0.7281322641,extremely,,,,c4_-om2-data-public-allenai-c4-c4-en-c4-train.00918-of-01024.json.gz.03144900,False
,"I heard them leave, of course.","I heard them leave, of course.",0.7389943812,leave,,,torontofantasy.6.420979,torontofantasy.5552131,False
,But it was not peaceful sleep.,But it was not peaceful sleep.,0.7373911016,peaceful,,,torontofantasy.6.031921,torontofantasy.465730,False
,Every sort of inner organ imaginable.,Every sort of inner organ imaginable.,0.7360758621,every,,,torontofantasy.6.112614,torontofantasy.1613822,False
,Better to get rid of me.,Better to get rid of me.,0.7361490505,better,,,cornellmov.6.024582,cornellmov.0146982,False
,And they had many phone conferences.,And they had many phone conferences.,0.7420735429,conferences,,,cocaspok2005.6.004551,cocaspok2005.0072043,False
,"Public intimidation, violation of protective order.","Public intimidation, violation of protective order.",0.7374345618,protective,,,,c4_-om2-data-public-allenai-c4-c4-en-c4-train.00470-of-01024.json.gz.01830944,False
,"However, it was easy to move!","However, it was easy to move!",0.7320956727,easy,,,torontofantasy.6.023547,torontofantasy.347685,False
,I've tried every sort of cable.,I've tried every sort of cable.,0.7413273629,every,,,,c4_-om2-data-public-allenai-c4-c4-en-c4-train.00961-of-01024.json.gz.01184854,False
,"Always smile, never be too serious.","Always smile, never be too serious.",0.7259153833,serious,,,,c4_-om2-data-public-allenai-c4-c4-en-c4-train.00727-of-01024.json.gz.03545498,False
,Well... So you tried riding again?,Well... So you tried riding again?,0.741472666,riding,,,cornellmov.6.009874,cornellmov.0056235,False
,You must not be thinking clearly.,You must not be thinking clearly.,0.7229169367,must,,,cornellmov.6.039685,cornellmov.0244223,False
,Trouble viewing or accessing a service?,Trouble viewing or accessing a service?,0.7350625672,viewing,,,,c4_-om2-data-public-allenai-c4-c4-en-c4-train.00242-of-01024.json.gz.01912464,False
,As opposed to being more spiritual.,As opposed to being more spiritual.,0.7339499745,opposed,,,cocaspok2009.6.005958,cocaspok2009.0076118,False
,It's been a shock to everyone.,It's been a shock to everyone.,0.7358976569,everyone,,,,c4_-om2-data-public-allenai-c4-c4-en-c4-train.00242-of-01024.json.gz.04845097,False
,The pressure must have been enormous.,The pressure must have been enormous.,0.733370428,"must,enormous",,,cocaspok2003.6.006201,cocaspok2003.0094285,False
,They're not going to hurt me.,They're not going to hurt me.,0.7384087053,hurt,,,torontofantasy.6.267301,torontofantasy.3521680,False
,It should leave a clear trail.,It should leave a clear trail.,0.7414046698,leave,,,torontofantasy.6.322226,torontofantasy.4223409,False
,Let me give you a hypothetical.,Let me give you a hypothetical.,0.7386574543,give,,,torontomyst.6.035551,torontomyst.503582,False
,Change them if they become damp.,Change them if they become damp.,0.7294959357,"become,damp",,,,c4_-om2-data-public-allenai-c4-c4-en-c4-train.00918-of-01024.json.gz.03398446,False
,Its remains are still visible today.,Its remains are still visible today.,0.7378484335,still,,,,c4_-om2-data-public-allenai-c4-c4-en-c4-train.00470-of-01024.json.gz.04583692,False
,We are responsive to community concerns.,We are responsive to community concerns.,0.7222538354,responsive,,,,c4_-om2-data-public-allenai-c4-c4-en-c4-train.00727-of-01024.json.gz.00125036,False
,Our police are afraid of them.,Our police are afraid of them.,0.728691675,afraid,,,cornellmov.6.025351,cornellmov.0152088,False
,It must be close to dawn.,It must be close to dawn.,0.7389314891,must,,,torontofantasy.6.336350,torontofantasy.4412462,False
,We understand it's a serious amount.,We understand it's a serious amount.,0.7421655925,serious,,,cocaspok1998.6.000854,cocaspok1998.0012851,False
,Repeat if needed for full coverage.,Repeat if needed for full coverage.,0.740726407,full,,,,c4_-om2-data-public-allenai-c4-c4-en-c4-train.00470-of-01024.json.gz.02244582,False
,Intended for and available to everyone.,Intended for and available to everyone.,0.7378773559,everyone,,,,c4_-om2-data-public-allenai-c4-c4-en-c4-train.00727-of-01024.json.gz.01699666,False
,It was very clean and modern.,It was very clean and modern.,0.7395848266,clean,,,,c4_-om2-data-public-allenai-c4-c4-en-c4-train.00368-of-01024.json.gz.00894170,False
,Learning to forgive benefits everyone involved.,Learning to forgive benefits everyone involved.,0.7370439111,everyone,,,,c4_-om2-data-public-allenai-c4-c4-en-c4-train.00918-of-01024.json.gz.02272708,False
,The key to survival is moderation.,The key to survival is moderation.,0.740182773,survival,,,torontofantasy.6.362887,torontofantasy.4749453,False
,Terms of the venture weren't disclosed.,Terms of the venture weren't disclosed.,0.7403634646,"terms,venture",,,wsj.6.001688,wsj.307889,False
,What experience remained to be seen.,What experience remained to be seen.,0.7319714776,remained,,,torontofantasy.6.408241,torontofantasy.5344328,False
,The wound couldn't be that serious.,The wound couldn't be that serious.,0.7333151722,serious,,,torontofantasy.6.469730,torontofantasy.6100981,False
,I have to clean it up.,I have to clean it up.,0.7370648702,clean,,,torontofantasy.6.386761,torontofantasy.5068113,False
,"We have to be strong, sweetheart.","We have to be strong, sweetheart.",0.7377350544,strong,,,cornellmov.6.017009,cornellmov.0098003,False
,How do we become a customer?,How do we become a customer?,0.7423097714,become,,,,c4_-om2-data-public-allenai-c4-c4-en-c4-train.00368-of-01024.json.gz.03562544,False
,The second guard waved them past.,The second guard waved them past.,0.740211723,waved,,,torontofantasy.6.462741,torontofantasy.6017854,False
,I get emails from them constantly.,I get emails from them constantly.,0.7307816281,constantly,,,,c4_-om2-data-public-allenai-c4-c4-en-c4-train.00470-of-01024.json.gz.04450581,False
,How soon will you be ready?,How soon will you be ready?,0.7352915546,soon,,,cornellmov.6.018985,cornellmov.0110790,False
,I go through without any alarms.,I go through without any alarms.,0.7419723284,alarms,,,,c4_-om2-data-public-allenai-c4-c4-en-c4-train.00961-of-01024.json.gz.00623669,False
,But the procedure isn't for everyone.,But the procedure isn't for everyone.,0.7407359502,everyone,,,cocaspok2004.6.008069,cocaspok2004.0119471,False
,It is such a great feeling.,It is such a great feeling.,0.7376054288,such,,,cocaspok2009.6.007504,cocaspok2009.0095892,False
,We have one slight problem though.,We have one slight problem though.,0.727931169,problem,,,torontoadv.6.041981,torontoadv.715747,False
,I would recommend Nadia's to everyone!,I would recommend Nadia's to everyone!,0.7391108713,everyone,,,,c4_-om2-data-public-allenai-c4-c4-en-c4-train.00196-of-01024.json.gz.01795065,False
,He wanted to keep this serious.,He wanted to keep this serious.,0.7412496549,serious,,,torontofantasy.6.079874,torontofantasy.1178694,False
,"He was so strong, so commanding.","He was so strong, so commanding.",0.7352196295,strong,,,torontofantasy.6.214391,torontofantasy.2893101,False
,To give your anger a voice.,To give your anger a voice.,0.7360135592,give,,,cornellmov.6.038430,cornellmov.0235755,False
,"Sounds just a little complicated, appropriate?","Sounds just a little complicated, appropriate?",0.7405762662,appropriate,,,,c4_-om2-data-public-allenai-c4-c4-en-c4-train.00727-of-01024.json.gz.00529914,False
,He would be easy to manage.,He would be easy to manage.,0.7262502337,easy,,,torontoadv.6.019513,torontoadv.349018,False
,Because you wanted to be free?,Because you wanted to be free?,0.7387956405,free,,,cornellmov.6.031618,cornellmov.0192232,False
,He was giving them full employment.,He was giving them full employment.,0.7384097116,full,,,cocaspok1993.6.008853,cocaspok1993.0121950,False
,And getting better all the time.,And getting better all the time.,0.7411710324,better,,,cornellmov.6.019018,cornellmov.0111012,False
,They are usually easy to access.,They are usually easy to access.,0.7225889926,easy,,,,c4_-om2-data-public-allenai-c4-c4-en-c4-train.00196-of-01024.json.gz.00363393,False
,"They felt more vital, more real.","They felt more vital, more real.",0.7417285095,real,,,torontofantasy.6.473031,torontofantasy.6149292,False
,Some groups also hold suspension performances.,Some groups also hold suspension performances.,0.7423305053,hold,,,,c4_-om2-data-public-allenai-c4-c4-en-c4-train.00961-of-01024.json.gz.03793389,False
,Everyone had been working so hard.,Everyone had been working so hard.,0.7341402731,everyone,,,torontomyst.6.034786,torontomyst.493019,False
,Evelyn pained expression focused on me.,Evelyn pained expression focused on me.,0.7399070075,expression,,,torontomyst.6.055620,torontomyst.774149,False
,He'd give you a flippant answer.,He'd give you a flippant answer.,0.7386849891,give,,,torontofantasy.6.331350,torontofantasy.4334790,False
,Give them perspective on their relationship.,Give them perspective on their relationship.,0.7342967994,give,,,torontoadv.6.053318,torontoadv.895319,False
,We're still asking folks to leave.,We're still asking folks to leave.,0.7405329328,"still,leave",,,cocaspok2005.6.002313,cocaspok2005.0040563,False
,"Of earth's mortals, struggling to cope.","Of earth's mortals, struggling to cope.",0.7320681261,cope,,,torontofantasy.6.065899,torontofantasy.966510,False
,Yet the outcome can be unpredictable.,Yet the outcome can be unpredictable.,0.7237467211,outcome,,,wsj.6.000723,wsj.132603,False
,Their apps on a daily basis.,Their apps on a daily basis.,0.7407366353,basis,,,,c4_-om2-data-public-allenai-c4-c4-en-c4-train.00480-of-01024.json.gz.03677081,False
,You will never leave our minds.,You will never leave our minds.,0.7419685416,leave,,,,c4_-om2-data-public-allenai-c4-c4-en-c4-train.00480-of-01024.json.gz.00499317,False
,We get the attention we desire.,We get the attention we desire.,0.7283443321,desire,,,,c4_-om2-data-public-allenai-c4-c4-en-c4-train.00196-of-01024.json.gz.02533874,False
,My skin felt smooth and clean.,My skin felt smooth and clean.,0.738714702,clean,,,,c4_-om2-data-public-allenai-c4-c4-en-c4-train.00480-of-01024.json.gz.04856489,False
,So give unselfishly and receive abundantly.,So give unselfishly and receive abundantly.,0.7346767945,"give,abundantly",,,,c4_-om2-data-public-allenai-c4-c4-en-c4-train.00727-of-01024.json.gz.02250619,False
,Of course we were all concerned.,Of course we were all concerned.,0.725777931,concerned,,,torontomyst.6.139158,torontomyst.1804703,False
,That obviously changes the situation somewhat.,That obviously changes the situation somewhat.,0.7253888121,somewhat,,,cocaspok1997.6.009553,cocaspok1997.0116289,False
,"Well, give a couple of minutes...","Well, give a couple of minutes...",0.7350155378,give,,,cornellmov.6.006351,cornellmov.0036107,False
,We are concerned with higher matters.,We are concerned with higher matters.,0.7337743662,concerned,,,torontofantasy.6.090934,torontofantasy.1340894,False
,I excused myself to the restroom.,I excused myself to the restroom.,0.7396879311,excused,,,torontofantasy.6.080331,torontofantasy.1185920,False
,We constantly improve update our content.,We constantly improve update our content.,0.7271525162,constantly,,,,c4_-om2-data-public-allenai-c4-c4-en-c4-train.00196-of-01024.json.gz.01633462,False
,It's not going to be easy.,It's not going to be easy.,0.7374927052,easy,,,cocaspok1998.6.009453,cocaspok1998.0124555,False
,And I struggle to walk properly.,And I struggle to walk properly.,0.7290118056,struggle,,,torontoadv.6.002056,torontoadv.40386,False
,Your leg must be getting better.,Your leg must be getting better.,0.7364956902,"must,better",,,cornellmov.6.007140,cornellmov.0040902,False
,I was feeling a little better.,I was feeling a little better.,0.7371050657,better,,,torontomyst.6.030545,torontomyst.436181,False
,Select the best suitable company offering.,Select the best suitable company offering.,0.7407731007,suitable,,,,c4_-om2-data-public-allenai-c4-c4-en-c4-train.00196-of-01024.json.gz.00937098,False
,She's kind of afraid of people.,She's kind of afraid of people.,0.7354552845,afraid,,,cocaspok1990.6.007033,cocaspok1990.0126080,False
,"Larry, you just take it easy.","Larry, you just take it easy.",0.7423880415,easy,,,cornellmov.6.008779,cornellmov.0050333,False
,We are concerned here -- let's focus.,We are concerned here -- let's focus.,0.7310314431,"concerned,focus",,,cocaspok1997.6.008226,cocaspok1997.0096742,False
,"A fascinating pursuit, I assure you.","A fascinating pursuit, I assure you.",0.7266541488,"fascinating,pursuit",,,brown.6.001061,brown.020725,False
,Are you afraid of growing competition?,Are you afraid of growing competition?,0.729432523,afraid,,,,c4_-om2-data-public-allenai-c4-c4-en-c4-train.00480-of-01024.json.gz.01499799,False
,But everything is also getting better.,But everything is also getting better.,0.7404795863,better,,,cornellmov.6.017951,cornellmov.0103867,False
,Thank you for a thoughtful piece.,Thank you for a thoughtful piece.,0.7367341231,thoughtful,,,,c4_-om2-data-public-allenai-c4-c4-en-c4-train.00242-of-01024.json.gz.02087054,False
,Then you'd better start believing me.,Then you'd better start believing me.,0.7408459283,better,,,cornellmov.6.001998,cornellmov.0011270,False
,We've been planning to leave soon.,We've been planning to leave soon.,0.7372883696,"leave,soon",,,torontofantasy.6.327491,torontofantasy.4280872,False
,Give the best first impression possible.,Give the best first impression possible.,0.7384636601,give,,,,c4_-om2-data-public-allenai-c4-c4-en-c4-train.00196-of-01024.json.gz.00829665,False
,Give her a couple of hours.,Give her a couple of hours.,0.7315073485,give,,,cornellmov.6.029211,cornellmov.0176798,False
,"Then they're not separated, are they?","Then they're not separated, are they?",0.737202934,separated,,,cornellmov.6.012071,cornellmov.0068601,False
,His expression clearly showed his confusion.,His expression clearly showed his confusion.,0.733502228,expression,,,torontoadv.6.047485,torontoadv.798840,False
,Sort of low to medium heat.,Sort of low to medium heat.,0.7342756113,low,,,cocaspok2002.6.006468,cocaspok2002.0098285,False
,I wanted you to be real.,I wanted you to be real.,0.7408562859,real,,,cornellmov.6.019777,cornellmov.0115744,False
,"For instance, to, too, and two.","For instance, to, too, and two.",0.7418436755,instance,,,,c4_-om2-data-public-allenai-c4-c4-en-c4-train.00470-of-01024.json.gz.02705189,False
,All manner of organisations and individuals.,All manner of organisations and individuals.,0.7182827329,manner,,,,c4_-om2-data-public-allenai-c4-c4-en-c4-train.00470-of-01024.json.gz.00654267,False
,Unless he'd been afraid they'd know.,Unless he'd been afraid they'd know.,0.732931541,afraid,,,torontofantasy.6.101660,torontofantasy.1471134,False
,"Another, better moment would present itself.","Another, better moment would present itself.",0.7374472297,better,,,torontofantasy.6.244962,torontofantasy.3250020,False
,We should keep our expectations low.,We should keep our expectations low.,0.7321006252,low,,,,c4_-om2-data-public-allenai-c4-c4-en-c4-train.00368-of-01024.json.gz.01626703,False
,"To give her some space, but...","To give her some space, but...",0.7417451291,give,,,torontofantasy.6.449201,torontofantasy.5839980,False
,For a moment the room spun.,For a moment the room spun.,0.7403775535,spun,,,torontomyst.6.009114,torontomyst.125516,False
,Give her some of your strength.,Give her some of your strength.,0.7353139236,"give,strength",,,torontofantasy.6.410970,torontofantasy.5384610,False
,Students must have good communication skills.,Students must have good communication skills.,0.7409910658,must,,,,c4_-om2-data-public-allenai-c4-c4-en-c4-train.00480-of-01024.json.gz.02229645,False
,What made you capable of it.,What made you capable of it.,0.7341301918,capable,,,cornellmov.6.040459,cornellmov.0249305,False
,"Indeed, nothing worth having comes easy.","Indeed, nothing worth having comes easy.",0.7329157107,easy,,,,c4_-om2-data-public-allenai-c4-c4-en-c4-train.00196-of-01024.json.gz.03115754,False
,But isn't quick weight loss dangerous?,But Isn't Quick Weight Loss Dangerous?,0.7394171544,quick,,,,c4_-om2-data-public-allenai-c4-c4-en-c4-train.00918-of-01024.json.gz.02314684,True
,You must have been very proud.,You must have been very proud.,0.7271831566,must,,,cornellmov.6.015205,cornellmov.0086658,False
,I could barely focus or function.,I could barely focus or function.,0.7334939271,focus,,,torontofantasy.6.312367,torontofantasy.4100015,False
,"Still, I had to be careful.","Still, I had to be careful.",0.7247295465,still,,,torontofantasy.6.172204,torontofantasy.2330522,False
,Are you -- you for -- hold on.,Are you -- you for -- hold on.,0.7325686709,hold,,,cocaspok1993.6.003790,cocaspok1993.0049433,False
,His dreams were growing more powerful.,His dreams were growing more powerful.,0.7395995386,powerful,,,torontofantasy.6.340970,torontofantasy.4491098,False
,I must insist you try some.,I must insist you try some.,0.7346596962,must,,,cornellmov.6.016479,cornellmov.0094502,False
,We want to make it better.,We want to make it better.,0.7385784396,better,,,cocaspok2006.6.008827,cocaspok2006.0135524,False
,But you just made strong statements.,But you just made strong statements.,0.73448326,"strong,statements",,,cocaspok1990.6.003363,cocaspok1990.0050883,False
,I forced myself to stay seated.,I forced myself to stay seated.,0.7284558515,forced,,,torontofantasy.6.262082,torontofantasy.3468228,False
,You are very easy to understand.,You are very easy to understand.,0.7225946288,easy,,,,c4_-om2-data-public-allenai-c4-c4-en-c4-train.00727-of-01024.json.gz.02166890,False
,A danger that was nearly tangible.,A danger that was nearly tangible.,0.7288863094,tangible,,,torontofantasy.6.302818,torontofantasy.3964312,False
,Still there are plenty of critics.,Still there are plenty of critics.,0.7350792178,still,,,wsj.6.001328,wsj.243956,False
,Some individuals prefer utilizing thoughts maps.,Some individuals prefer utilizing thoughts maps.,0.7373512526,prefer,,,,c4_-om2-data-public-allenai-c4-c4-en-c4-train.00727-of-01024.json.gz.00804228,False
,That's already been taken care of.,That's already been taken care of.,0.7416983158,already,,,cornellmov.6.031419,cornellmov.0190708,False
,"Arrogant, sometimes ruthless people, but still.","Arrogant, sometimes ruthless people, but still.",0.7346411789,"ruthless,still",,,torontofantasy.6.300400,torontofantasy.3937471,False
,There were signs of a struggle.,There were signs of a struggle.,0.7279469736,struggle,,,torontomyst.6.147489,torontomyst.1902458,False
,"""It'll give you nightmares,"" he advised.","It'll give you nightmares,"" he advised.",0.7398992252,give,,,torontofantasy.6.347853,torontofantasy.4572412,True
,But still it wasn't nearly enough.,But still it wasn't nearly enough.,0.7338414652,still,,,wsj.6.001648,wsj.301245,False
,I couldn't hold back any longer.,I couldn't hold back any longer.,0.7404744474,hold,,,torontofantasy.6.284559,torontofantasy.3702658,False
,"I feel his presence, so strong...","I feel his presence, so strong...",0.7355556764,"presence,strong",,,cornellmov.6.024522,cornellmov.0146526,False
,They're almost clear but not quite.,They're almost clear but not quite.,0.7231321361,almost,,,torontofantasy.6.459851,torontofantasy.5979443,False
,There were still several familiar faces.,There were still several familiar faces.,0.7309267646,still,,,torontofantasy.6.187906,torontofantasy.2551732,False
,Some have done some remarkable things.,Some have done some remarkable things.,0.73475634,remarkable,,,cocaspok2003.6.004445,cocaspok2003.0070939,False
,Create amazing logos quick and easily.,Create amazing logos quick and easily.,0.7344759706,"amazing,quick",,,,c4_-om2-data-public-allenai-c4-c4-en-c4-train.00196-of-01024.json.gz.03696776,False
,You still had to prove yourself.,You still had to prove yourself.,0.7248647312,still,,,cornellmov.6.025919,cornellmov.0155477,False
,Such features make dramatic selling points.,Such features make dramatic selling points:,0.7340896299,such,,,wsj.6.002644,wsj.479456,True
,Tip: Convenient location with easy parking.,TIP: Convenient location with easy parking.,0.7400494032,easy,,,,c4_-om2-data-public-allenai-c4-c4-en-c4-train.00242-of-01024.json.gz.00524218,True
,So make it easy for him.,So make it easy for him.,0.7365336665,easy,,,,c4_-om2-data-public-allenai-c4-c4-en-c4-train.00491-of-01024.json.gz.01457739,False
,They better be ready for me.,They better be ready for me.,0.7309640664,better,,,torontofantasy.6.363149,torontofantasy.4751957,False
,"A single mind, a single focus.","A single mind, a single focus.",0.7394759456,focus,,,torontomyst.6.047539,torontomyst.667855,False
,Disbelief only better served its purpose.,Disbelief only better served its purpose.,0.7393855445,better,,,torontoadv.6.022294,torontoadv.395853,False
,Allow the battery to recharge overnight.,Allow the battery to recharge overnight.,0.7381576149,recharge,,,,c4_-om2-data-public-allenai-c4-c4-en-c4-train.00470-of-01024.json.gz.02086783,False
,"Strong wind, freezing rain and snow.","Strong wind, freezing rain and snow.",0.7374464874,strong,,,cocaspok2011.6.009063,cocaspok2011.0115228,False
,Her desire to escape had fled.,Her desire to escape had fled.,0.7406973301,desire,,,torontofantasy.6.188127,torontofantasy.2554804,False
,Have you drawn all your life?,Have you drawn all your life?,0.7370589784,life,,,,c4_-om2-data-public-allenai-c4-c4-en-c4-train.00368-of-01024.json.gz.00032296,False
,Even the beast seemed less afraid.,Even the beast seemed less afraid.,0.7342590255,afraid,,,torontofantasy.6.052863,torontofantasy.769064,False
,Five of those are critically wounded.,Five of those are critically wounded.,0.7263439126,wounded,,,cocaspok2002.6.004096,cocaspok2002.0064868,False
,Leave me be for a minute?,Leave me be for a minute?,0.7359182576,leave,,,cornellmov.6.025808,cornellmov.0154700,False
,It is round and relatively small.,It is round and relatively small.,0.7419272905,round,,,,c4_-om2-data-public-allenai-c4-c4-en-c4-train.00196-of-01024.json.gz.00463689,False
,Getting to your session is easy.,Getting to your session is easy.,0.7295630768,easy,,,,c4_-om2-data-public-allenai-c4-c4-en-c4-train.00491-of-01024.json.gz.03425111,False
,His policies are out of touch.,His policies are out of touch.,0.7407177441,policies,,,cocaspok2012.6.003493,cocaspok2012.042683,False
,"I'm not afraid of failure, no.","I'm not afraid of failure, no.",0.7421330294,afraid,,,cocaspok2011.6.006075,cocaspok2011.0076762,False
,Had he calculated correctly for once?,Had he calculated correctly for once?,0.7391561095,correctly,,,torontomyst.6.098967,torontomyst.1312574,False
,The problem is not the teams.,The problem is not the teams.,0.7411231692,problem,,,cocaspok1996.6.006674,cocaspok1996.0082778,False
,Great success tonight upon first attempt..,Great success tonight upon first attempt..,0.7197258015,attempt,,,,c4_-om2-data-public-allenai-c4-c4-en-c4-train.00918-of-01024.json.gz.02010395,False
,But still Tom seemed to hesitate.,But still Tom seemed to hesitate.,0.7395202274,still,,,torontomyst.6.139655,torontomyst.1809910,False
,The application is easy to use.,The application is easy to use.,0.7365315379,easy,,,,c4_-om2-data-public-allenai-c4-c4-en-c4-train.00480-of-01024.json.gz.01903559,False
,And we can get even better.,And we can get even better.,0.7399361147,better,,,cornellmov.6.037064,cornellmov.0226935,False
,Shipping was quick and easy too.,Shipping was quick and easy too.,0.7381925068,"quick,easy",,,,c4_-om2-data-public-allenai-c4-c4-en-c4-train.00368-of-01024.json.gz.02503098,False
,"He appeared startled, but seemingly unharmed.","He appeared startled, but seemingly unharmed.",0.7342133181,unharmed,,,torontofantasy.6.130370,torontofantasy.1785565,False
,"It was clean, bright and comfortable.","It was clean, bright and comfortable.",0.7251128925,clean,,,,c4_-om2-data-public-allenai-c4-c4-en-c4-train.00491-of-01024.json.gz.04640240,False
,It sends its own valuable signal.,It sends its own valuable signal.,0.7393394032,valuable,,,,c4_-om2-data-public-allenai-c4-c4-en-c4-train.00480-of-01024.json.gz.04433165,False
,Because we're almost out of time.,Because we're almost out of time.,0.7410017464,almost,,,cocaspok2006.6.007604,cocaspok2006.0118629,False
,For a moment everything was still.,For a moment everything was still.,0.7381383062,still,,,torontofantasy.6.045538,torontofantasy.663824,False
,We give you peace of mind.,We give you peace of mind.,0.7345327805,give,,,,c4_-om2-data-public-allenai-c4-c4-en-c4-train.00196-of-01024.json.gz.01642319,False
,Focus on breathing deeply and slowly.,Focus on breathing deeply and slowly.,0.7275674452,focus,,,,c4_-om2-data-public-allenai-c4-c4-en-c4-train.00514-of-01024.json.gz.01272802,False
,Its improper use cannot be tolerated.,Its improper use cannot be tolerated.,0.7297252918,improper,,,,c4_-om2-data-public-allenai-c4-c4-en-c4-train.00491-of-01024.json.gz.03992143,False
,His eyes were harsh and biting.,His eyes were harsh and biting.,0.742141241,harsh,,,torontofantasy.6.221613,torontofantasy.2974194,False
,And you'd be correct every time.,And you'd be correct every time.,0.7298226291,every,,,cocaspok1994.6.000833,cocaspok1994.0011324,False
,Every piece of them has power.,Every piece of them has power.,0.7336320337,every,,,torontofantasy.6.111599,torontofantasy.1603313,False
,The damage might already be done.,The damage might already be done.,0.7320372946,already,,,,c4_-om2-data-public-allenai-c4-c4-en-c4-train.00470-of-01024.json.gz.01306639,False
,You still have time to plan.,You still have time to plan.,0.7405393455,still,,,,c4_-om2-data-public-allenai-c4-c4-en-c4-train.00242-of-01024.json.gz.03651708,False
,The problem must be faced squarely.,The problem must be faced squarely.,0.7319845335,"problem,must",,,brown.6.001147,brown.022504,False
,Another manner is to time entries.,Another manner is to time entries.,0.7355712265,manner,,,,c4_-om2-data-public-allenai-c4-c4-en-c4-train.00961-of-01024.json.gz.00430395,False
,The last reported wind was calm.,The last reported wind was calm.,0.7374360226,last,,,cocaspok2011.6.004318,cocaspok2011.0055041,False
,It must be great being you.,It must be great being you.,0.7254586861,must,,,cornellmov.6.030832,cornellmov.0186949,False
,He came to a sudden halt.,He came to a sudden halt.,0.7378720536,halt,,,torontofantasy.6.091531,torontofantasy.1347071,False
,Will tax cuts generate economic growth?,Will tax cuts generate economic growth?,0.7395979292,cuts,,,wsj.6.000506,wsj.093974,False
,"Every word still clear, still sure.","Every word still clear, still sure.",0.7407522812,"every,still,still",,,torontofantasy.6.186732,torontofantasy.2534965,False
,We are full of literary people.,We are full of literary people.,0.7378011147,full,,,wsj.6.002551,wsj.464077,False
,Possibly the last of his kind.,Possibly the last of his kind.,0.7402787584,last,,,torontofantasy.6.020194,torontofantasy.293030,False
,You have to make it last.,You have to make it last.,0.7423889261,last,,,torontofantasy.6.126495,torontofantasy.1742274,False
,We are a very heterogeneous culture.,We are a very heterogeneous culture.,0.7420217981,culture,,,cocaspok1995.6.006701,cocaspok1995.086394,False
,Perhaps something he was searching for.,Perhaps something he was searching for.,0.7403702445,perhaps,,,torontofantasy.6.152230,torontofantasy.2072037,False
,His focus remained on the fight.,His focus remained on the fight.,0.7390570924,"focus,remained",,,torontofantasy.6.060190,torontofantasy.879574,False
,Economic issues must also be resolved.,Economic issues must also be resolved.,0.7245043223,must,,,cocaspok2003.6.003284,cocaspok2003.0056281,False
,What is to become of me?,What is to become of me?,0.7389930148,become,,,cornellmov.6.019459,cornellmov.0113746,False
,Many of them have been flawless.,Many of them have been flawless.,0.721225576,flawless,,,cocaspok1992.6.003354,cocaspok1992.0043364,False
,Aren't we full of ourselves today?,Aren't we full of ourselves today?,0.7312766642,full,,,cornellmov.6.018697,cornellmov.0108882,False
,I will be worried about them.,I will be worried about them.,0.73031163,worried,,,cocaspok2003.6.000879,cocaspok2003.0017228,False
,Don't be afraid to be lazy.,Don't be afraid to be lazy.,0.7311442376,afraid,,,,c4_-om2-data-public-allenai-c4-c4-en-c4-train.00480-of-01024.json.gz.02438405,False
,But it still had to hurt.,But it still had to hurt.,0.7413566666,"still,hurt",,,torontoadv.6.044396,torontoadv.756674,False
,I feel very dependent on them.,I feel very dependent on them.,0.7202541495,dependent,,,cocaspok2001.6.005788,cocaspok2001.0089720,False
,Now be careful with that bag.,Now be careful with that bag.,0.7414399752,bag,,,cornellmov.6.020406,cornellmov.0119558,False
,It is not a serious proposal.,It is not a serious proposal.,0.7402466289,serious,,,cocaspok2011.6.010396,cocaspok2011.0132520,False
,Is such that I was stunned.,Is such that I was stunned.,0.7407663275,such,,,,c4_-om2-data-public-allenai-c4-c4-en-c4-train.00727-of-01024.json.gz.01467931,False
,We better get you cleaned up.,We better get you cleaned up.,0.7332938022,better,,,cornellmov.6.023451,cornellmov.0139624,False
,Is this the outcome we desire?,Is this the outcome we desire?,0.7343803237,"outcome,desire",,,,c4_-om2-data-public-allenai-c4-c4-en-c4-train.00514-of-01024.json.gz.03790853,False
,Perhaps that was what he felt.,Perhaps that was what he felt.,0.7413513359,perhaps,,,torontoadv.6.004042,torontoadv.73905,False
,A festive reception concluded the afternoon.,A festive reception concluded the afternoon.,0.7387777426,reception,,,,c4_-om2-data-public-allenai-c4-c4-en-c4-train.00480-of-01024.json.gz.04003834,False
,You must stand up to him.,You must stand up to him.,0.73216963,must,,,torontofantasy.6.041679,torontofantasy.602978,False
,Have your job duties expanded substantially?,Have your job duties expanded substantially?,0.7383754756,duties,,,,c4_-om2-data-public-allenai-c4-c4-en-c4-train.00514-of-01024.json.gz.03043174,False
,Shouldn't we take every possible precaution?,Shouldn't we take every possible precaution --?,0.7279930174,every,,,cornellmov.6.037836,cornellmov.0231953,True
,Cost effective plans for every business.,Cost effective plans for every business.,0.737796824,every,,,,c4_-om2-data-public-allenai-c4-c4-en-c4-train.00470-of-01024.json.gz.03372128,False
,"Well, then, it must be fought.","Well, then, it must be fought.",0.7371813186,"must,fought",,,cornellmov.6.031390,cornellmov.0190525,False
,I enjoyed every minute of it.,I enjoyed every minute of it.,0.7351324919,every,,,cornellmov.6.005639,cornellmov.0032150,False
,Sam's knees threatened to give out.,Sam's knees threatened to give out.,0.7343618188,give,,,torontofantasy.6.420727,torontofantasy.5548548,False
,He was very kind and strong.,He was very kind and strong.,0.7316923674,strong,,,cornellmov.6.016826,cornellmov.0096918,False
,You still have to be involved.,You still have to be involved.,0.7227880401,still,,,cocaspok1997.6.004193,cocaspok1997.0049014,False
,"Brand is courageous, thoughtful and wise.","Brand is courageous, thoughtful and wise.",0.7417409812,thoughtful,,,,c4_-om2-data-public-allenai-c4-c4-en-c4-train.00368-of-01024.json.gz.04287423,False
,That phrase denied is so powerful.,That phrase denied is so powerful.,0.7414997893,powerful,,,cocaspok2009.6.006580,cocaspok2009.0083927,False
,Everyone was so impressed by it.,Everyone was so impressed by it.,0.7362124196,everyone,,,,c4_-om2-data-public-allenai-c4-c4-en-c4-train.00368-of-01024.json.gz.03323174,False
,And you have excellent survival skills.,And you have excellent survival skills.,0.7315331654,survival,,,torontomyst.6.152083,torontomyst.1954764,False
,Meaning that you are not certain...?,Meaning that you are not certain...?,0.7385595956,certain,,,torontofantasy.6.465933,torontofantasy.6056568,False
,Perhaps they were not mere savages.,Perhaps they were not mere savages.,0.7378804122,perhaps,,,torontomyst.6.008278,torontomyst.116568,False
,"A small, dimly glowing ball appeared.","A small, dimly glowing ball appeared.",0.7423637798,glowing,,,torontofantasy.6.058661,torontofantasy.851133,False
,The suspects might be there already.,The suspects might be there already.,0.7360750347,already,,,cornellmov.6.015567,cornellmov.0088822,False
,And Gerry was definitely physically strong.,And Gerry was definitely physically strong.,0.7300308283,strong,,,torontomyst.6.174075,torontomyst.2212696,False
,"But still, you can't be sure.","But still, you can't be sure.",0.7376228063,still,,,cornellmov.6.013729,cornellmov.0077970,False
,"When fully prepared, confidence comes easy.","When fully prepared, confidence comes easy.",0.7184103428,easy,,,,c4_-om2-data-public-allenai-c4-c4-en-c4-train.00491-of-01024.json.gz.01437911,False
,Especially coated to ensure long life.,Especially coated to ensure long life.,0.7420375184,life,,,,c4_-om2-data-public-allenai-c4-c4-en-c4-train.00727-of-01024.json.gz.03489903,False
,Haven't there been enough casualties already?,Haven't there been enough casualties already?,0.7303241427,already,,,torontofantasy.6.349380,torontofantasy.4590912,False
,"It just makes me weary, somehow.","It just makes me weary, somehow.}.",0.7371222275,somehow,,,torontofantasy.6.364973,torontofantasy.4768863,True
,Only managed to hurt her more.,Only managed to hurt her more.,0.7345220061,hurt,,,torontofantasy.6.261741,torontofantasy.3464485,False
,"For example, just a quick statistic.","For example, just a quick statistic.",0.7404259018,quick,,,cocaspok2005.6.003230,cocaspok2005.0053700,False
,We are afraid to touch him!,We are afraid to touch him!,0.7323316589,afraid,,,torontomyst.6.066333,torontomyst.919290,False
,Don't give me any of that.,Don't give me any of that.,0.7361429199,give,,,cornellmov.6.037343,cornellmov.0228726,False
,"Besides, he had to get away.","Besides, he had to get away.",0.7397345898,besides,,,torontoadv.6.005839,torontoadv.100239,False
,Prefer not to break it up.,Prefer not to break it up.,0.739033029,prefer,,,,c4_-om2-data-public-allenai-c4-c4-en-c4-train.00480-of-01024.json.gz.02270159,False
,Anyone else having a similar problem?,Anyone else having a similar problem?,0.7375586918,problem,,,,c4_-om2-data-public-allenai-c4-c4-en-c4-train.00491-of-01024.json.gz.02896193,False
,He'd already tried to crawl once.,He'd already tried to crawl once.,0.7392134357,already,,,torontofantasy.6.445522,torontofantasy.5813353,False
,"So, stay strong for each other!","So, stay strong for each other!",0.7340639439,strong,,,,c4_-om2-data-public-allenai-c4-c4-en-c4-train.00961-of-01024.json.gz.03196123,False
,The intentional infliction of emotional distress.,The Intentional Infliction of Emotional Distress.,0.737858938,intentional,,,cocaspok1993.6.003501,cocaspok1993.0046813,True
,Changing the constitution is not easy.,Changing the constitution is not easy.,0.7405801592,easy,,,cocaspok2006.6.006879,cocaspok2006.0108241,False
,It was so peaceful for dining.,It was so peaceful for dining.,0.7385286972,peaceful,,,,c4_-om2-data-public-allenai-c4-c4-en-c4-train.00242-of-01024.json.gz.00580774,False
,But you see a continuing problem.,But you see a continuing problem.,0.7418895458,problem,,,cocaspok2010.6.012541,cocaspok2010.0162204,False
,It was a somewhat startling feeling.,It was a somewhat startling feeling.,0.7199189606,somewhat,,,torontofantasy.6.097353,torontofantasy.1419950,False
,I shouldn't have been forced here.,I shouldn't have been forced here.,0.735186309,forced,,,torontofantasy.6.435400,torontofantasy.5732100,False
,The excitement was almost too much.,The excitement was almost too much.,0.7393940532,almost,,,torontofantasy.6.138648,torontofantasy.1893927,False
,Easy on hand and good distance.,Easy on hand and good distance.,0.7391479517,easy,,,,c4_-om2-data-public-allenai-c4-c4-en-c4-train.00918-of-01024.json.gz.02250031,False
,He was the one who spoke.,He was the one who spoke.,0.7409085295,spoke,,,torontomyst.6.146929,torontomyst.1896212,False
,He was pretty easy to notice.,He was pretty easy to notice.,0.7325159397,easy,,,cocaspok2007.6.000422,cocaspok2007.0004546,False
,Thoughts of a family soon followed.,Thoughts of a family soon followed.,0.7393462673,soon,,,cocaspok2007.6.006522,cocaspok2007.0086259,False
,Sprint would give that to them.,Sprint would give that to them.,0.7417232147,give,,,cocaspok2004.6.008413,cocaspok2004.0126125,False
,They won't treat you any better.,They won't treat you any better.,0.7334695783,better,,,cocaspok1992.6.003847,cocaspok1992.0049357,False
,Maybe you'll be entertaining guests soon.,Maybe you'll be entertaining guests soon.,0.7401623438,soon,,,,c4_-om2-data-public-allenai-c4-c4-en-c4-train.00196-of-01024.json.gz.01515699,False
,You have every right to be.,You have every right to be.,0.7330845818,every,,,cornellmov.6.021879,cornellmov.0128907,False
,I would give them to her.,I would give them to her.,0.7357875619,give,,,cocaspok2002.6.000024,cocaspok2002.0000424,False
,I want you to throw up.,I want you to throw up.,0.7371274104,throw,,,cocaspok2007.6.007417,cocaspok2007.0095445,False
,That is another very good additional.,That is another very good additional.,0.7418041339,additional,,,,c4_-om2-data-public-allenai-c4-c4-en-c4-train.00480-of-01024.json.gz.03244071,False
,"And still it came, pushing forward.","And still it came, pushing forward.",0.7408631332,still,,,torontomyst.6.134997,torontomyst.1748416,False
,A couple of really quick questions.,A couple of really quick questions.,0.7326211438,quick,,,cocaspok2004.6.006102,cocaspok2004.0094119,False
,It was a pretty weak throw.,It was a pretty weak throw.,0.7375902762,throw,,,cocaspok2009.6.006505,cocaspok2009.0082949,False
,I have all of those already!!!,I have all of those already!!!,0.7374256141,already,,,,c4_-om2-data-public-allenai-c4-c4-en-c4-train.00961-of-01024.json.gz.00754425,False
,And I got a clean record.,And I got a clean record.,0.7404881369,clean,,,torontomyst.6.051965,torontomyst.727113,False
,"Development of quick, responsive, optimised sites.","Development of quick, responsive, optimised sites.",0.7252781008,"quick,responsive",,,,c4_-om2-data-public-allenai-c4-c4-en-c4-train.00368-of-01024.json.gz.04618051,False
,Is that going to hurt him?,Is that going to hurt him?,0.7412979712,hurt,,,cornellmov.6.031588,cornellmov.0192074,False
,The clouds forming overhead worried him.,The clouds forming overhead worried him.,0.7420154568,worried,,,torontofantasy.6.429713,torontofantasy.5667860,False
,I've been feeling low for weeks.,I've been feeling low for weeks.,0.7365513362,low,,,cornellmov.6.021919,cornellmov.0129182,False
,It's time to change it somewhat.,It's time to change it somewhat.,0.7366695634,somewhat,,,,c4_-om2-data-public-allenai-c4-c4-en-c4-train.00961-of-01024.json.gz.03759333,False
,And the clothing is somewhat interesting.,And the clothing is somewhat interesting.,0.7410164057,"clothing,somewhat",,,cocaspok1993.6.001962,cocaspok1993.0027171,False
,So its phone number displays unknown.,So its phone number displays unknown.,0.7381221393,displays,,,,c4_-om2-data-public-allenai-c4-c4-en-c4-train.00196-of-01024.json.gz.00538930,False
,I spoke with him three times.,I spoke with him three times.,0.7383515578,spoke,,,cocaspok2009.6.000437,cocaspok2009.0004486,False
,"It would be less civilized, certainly.","It would be less civilized, certainly.",0.7307062253,civilized,,,wsj.6.001790,wsj.322895,False
,He forced himself to be deliberate.,He forced himself to be deliberate.,0.7138974658,forced,,,brown.6.001410,brown.026877,False
,Very quick with communication and responses.,Very quick with communication and responses.,0.734850444,quick,,,,c4_-om2-data-public-allenai-c4-c4-en-c4-train.00727-of-01024.json.gz.04864568,False
,"Along with that, life isn't fair.","Along with that, life isn't fair.",0.7361340593,life,,,torontofantasy.6.014686,torontofantasy.216586,False
,"Well, one is I'm better prepared.","Well, one is I'm better prepared.",0.7416999802,better,,,cocaspok1999.6.006805,cocaspok1999.0091213,False
,Give them the time they need.,Give them the time they need.,0.7349051176,give,,,,c4_-om2-data-public-allenai-c4-c4-en-c4-train.00491-of-01024.json.gz.00792938,False
,His serious expression changed to dread.,His serious expression changed to dread.,0.7374795671,"serious,expression",,,torontofantasy.6.282327,torontofantasy.3678665,False
,"Bright, bold, textured and extremely innovative.","Bright, bold, textured and extremely innovative.",0.738734782,"extremely,innovative",,,,c4_-om2-data-public-allenai-c4-c4-en-c4-train.00514-of-01024.json.gz.04555717,False
,It was a great media event.,It was a great media event.,0.7407926406,event,,,cocaspok1990.6.001430,cocaspok1990.0024127,False
,Better than knowing individuals any day.,Better than knowing individuals any day.,0.7287246342,better,,,torontofantasy.6.298577,torontofantasy.3910835,False
,"Still, the Resistance has its ways.","Still, the Resistance has its ways.",0.7380537253,still,,,torontofantasy.6.003160,torontofantasy.42791,False
,What are you afraid will happen?,What are you afraid will happen?,0.7422218913,afraid,,,cornellmov.6.006194,cornellmov.0035231,False
,Liquor Stores can be extremely profitable.,Liquor Stores can be extremely profitable.,0.7372514337,extremely,,,,c4_-om2-data-public-allenai-c4-c4-en-c4-train.00470-of-01024.json.gz.03004041,False
,"Regardless, the viewing was a comfort.","Regardless, the viewing was a comfort.",0.7328001183,"regardless,viewing",,,torontofantasy.6.202220,torontofantasy.2742965,False
,And you will give me occasion.,And you will give me occasion.,0.7286730668,give,,,cornellmov.6.036198,cornellmov.0221353,False
,"Well, I'm trying to educate him!","Well, I'm trying to educate him!",0.7365192757,educate,,,cornellmov.6.017019,cornellmov.0098065,False
,Something had a hold on her.,Something had a hold on her.,0.7409429942,hold,,,torontofantasy.6.184063,torontofantasy.2498619,False
,Will you give her a message?,Will you give her a message?,0.7364436986,give,,,cornellmov.6.037466,cornellmov.0229604,False
,You have a problem with it.,You have a problem with it.,0.739161833,problem,,,cocaspok1996.6.002906,cocaspok1996.0036885,False
,That might be a good sign.,That might be a good sign.,0.7343932196,sign,,,torontomyst.6.136111,torontomyst.1763994,False
,"""We were extremely worried,"" Tovan responded.","We were extremely worried,"" Tovan responded.",0.7200658959,"extremely,worried",,,torontofantasy.6.033611,torontofantasy.487179,True
,His strength was draining too quickly.,His strength was draining too quickly.,0.7373382585,strength,,,torontofantasy.6.388197,torontofantasy.5087558,False
,Inspiration for every aspect of life.,Inspiration for every aspect of life.,0.7381783413,"every,life",,,,c4_-om2-data-public-allenai-c4-c4-en-c4-train.00242-of-01024.json.gz.02091611,False
,It must be another business establishment.,It must be another business establishment.,0.7351596824,must,,,torontofantasy.6.080349,torontofantasy.1186144,False
,You make that sound so easy.,You make that sound so easy.,0.7354729714,easy,,,torontofantasy.6.226668,torontofantasy.3030180,False
,He must be good for something.,He must be good for something.,0.7379479023,must,,,,c4_-om2-data-public-allenai-c4-c4-en-c4-train.00727-of-01024.json.gz.01672391,False
,Things to come to terms with.,Things to come to terms with.,0.7395143436,terms,,,cornellmov.6.039110,cornellmov.0240388,False
,Though it appears you already have.,Though it appears you already have.,0.7377767283,already,,,cornellmov.6.037157,cornellmov.0227441,False
,You better get used to it.,You better get used to it.,0.7413281764,better,,,cornellmov.6.030812,cornellmov.0186789,False
,I'll give you your heart's desire.,I'll give you your heart's desire.,0.7387015946,"give,desire",,,cornellmov.6.020981,cornellmov.0123377,False
,Four affirmations are better than none.,Four affirmations are better than none.,0.7409820865,better,,,,c4_-om2-data-public-allenai-c4-c4-en-c4-train.00514-of-01024.json.gz.01756438,False
,A heavy and generously proportioned object.,A heavy and generously proportioned object.,0.7280964022,heavy,,,,c4_-om2-data-public-allenai-c4-c4-en-c4-train.00242-of-01024.json.gz.04287436,False
,I tend to avoid such situations.,I tend to avoid such situations.,0.7188099534,such,,,torontomyst.6.005456,torontomyst.76844,False
,I was already prepared for that.,I was already prepared for that.,0.7377715142,already,,,cocaspok1995.6.002909,cocaspok1995.038442,False
,They were almost to the woods.,They were almost to the woods.,0.7405234792,almost,,,torontofantasy.6.368350,torontofantasy.4817642,False
,Better having two choices than one.,Better having two choices than one.,0.7291457583,better,,,,c4_-om2-data-public-allenai-c4-c4-en-c4-train.00961-of-01024.json.gz.03109702,False
,Most markets are still relatively healthy.,Most markets are still relatively healthy.,0.7357842232,still,,,cocaspok2005.6.004469,cocaspok2005.0070938,False
,Ostedes was more powerful than ever.,Ostedes was more powerful than ever.,0.7311356609,powerful,,,torontofantasy.6.042236,torontofantasy.618411,False
,I won't let them hurt you.,I won't let them hurt you.,0.7370039212,hurt,,,torontofantasy.6.019201,torontofantasy.280372,False
,They've suspended him for two days.,They've suspended him for two days.,0.7415366845,suspended,,,cornellmov.6.017721,cornellmov.0102529,False
,You have to give me something.,You have to give me something.,0.7332680296,give,,,torontofantasy.6.137288,torontofantasy.1879753,False
,It was definitely a valuable experience.,It was definitely a valuable experience.,0.7300642862,valuable,,,,c4_-om2-data-public-allenai-c4-c4-en-c4-train.00918-of-01024.json.gz.02556044,False
,The sail was almost on him.,The sail was almost on him.,0.7342963012,almost,,,torontofantasy.6.463223,torontofantasy.6024097,False
,Give your content order and purpose.,Give Your Content Order And Purpose.,0.7405992089,give,,,,c4_-om2-data-public-allenai-c4-c4-en-c4-train.00491-of-01024.json.gz.03227237,True
,His face devoid of all expression.,His face devoid of all expression.,0.7326301089,expression,,,torontofantasy.6.443350,torontofantasy.5796459,False
,Experts offer all kinds of advice.,Experts offer all kinds of advice.,0.7398886826,offer,,,cocaspok1991.6.000310,cocaspok1991.0005149,False
,Reliable edge hold on firmer snow.,Reliable edge hold on firmer snow.,0.7389488135,hold,,,,c4_-om2-data-public-allenai-c4-c4-en-c4-train.00491-of-01024.json.gz.03156191,False
,It is kind of getting tight.,It is kind of getting tight.,0.7375619382,tight,,,cocaspok2009.6.011448,cocaspok2009.0148845,False
,Practically everyone in Debrett's has one.,Practically everyone in Debrett's has one.,0.7420533408,everyone,,,,c4_-om2-data-public-allenai-c4-c4-en-c4-train.00961-of-01024.json.gz.02843641,False
,That no longer is so easy.,That no longer is so easy.,0.7385941701,easy,,,wsj.6.002028,wsj.367571,False
,Easy to fill and very durable!,Easy to fill and very durable!,0.7285133209,easy,,,,c4_-om2-data-public-allenai-c4-c4-en-c4-train.00514-of-01024.json.gz.01498543,False
,"If you're ever afraid, call me.","If you're ever afraid, call me.",0.7409807663,afraid,,,torontomyst.6.121645,torontomyst.1602249,False
,Almost anyone could have written it.,Almost anyone could have written it.,0.7418198433,almost,,,brown.6.000796,brown.015656,False
,Create a great life for yourself.,Create a great life for yourself.,0.7314013159,life,,,,c4_-om2-data-public-allenai-c4-c4-en-c4-train.00918-of-01024.json.gz.03414440,False
,They're already frustrated enough with you.,They're already frustrated enough with you.,0.7236491673,already,,,torontofantasy.6.204019,torontofantasy.2765866,False
,Everyone must make their own choices.,Everyone must make their own choices.,0.7399445635,"everyone,must",,,torontofantasy.6.059676,torontofantasy.871268,False
,A life has been lost needlessly.,A life has been lost needlessly.,0.7366802951,life,,,cocaspok2007.6.008047,cocaspok2007.0102130,False
,I desire credit life insurance only.,I desire credit life insurance only.,0.7397996842,"desire,life",,,,c4_-om2-data-public-allenai-c4-c4-en-c4-train.00196-of-01024.json.gz.01995963,False
,So three triggers must be implemented.,So three triggers must be implemented.,0.7356524437,must,,,,c4_-om2-data-public-allenai-c4-c4-en-c4-train.00196-of-01024.json.gz.03417330,False
,Stragen asked with a worried expression.,Stragen asked with a worried expression.,0.7385463185,"worried,expression",,,torontofantasy.6.412899,torontofantasy.5411991,False
,They both walked out towards reception.,They both walked out towards reception.,0.7368975702,reception,,,torontofantasy.6.013678,torontofantasy.199595,False
,One can't help but be concerned.,One can't help but be concerned.,0.733176143,concerned,,,cocaspok1996.6.000363,cocaspok1996.0005409,False
,They're afraid they might get lost.,They're afraid they might get lost.,0.7414455875,afraid,,,cocaspok2001.6.000693,cocaspok2001.0013589,False
,Storearmy Dashboard is the powerful tool.,Storearmy Dashboard is the powerful tool.,0.7402831514,powerful,,,,c4_-om2-data-public-allenai-c4-c4-en-c4-train.00368-of-01024.json.gz.01170520,False
,Can you hear me better now?,Can you hear me better now?,0.7423219578,better,,,cornellmov.6.015712,cornellmov.0089654,False
,It was better not to resist.,It was better not to resist.,0.7278150035,better,,,torontofantasy.6.179658,torontofantasy.2444922,False
,We're finding strength to come forward.,We're finding strength to come forward.,0.7326249107,strength,,,cocaspok1994.6.004692,cocaspok1994.0058736,False
,Thanks everyone for making these possible!!,Thanks Everyone for making these possible!!,0.7300051572,everyone,,,,c4_-om2-data-public-allenai-c4-c4-en-c4-train.00470-of-01024.json.gz.02440337,True
,The unfortunate consequences are already apparent.,The unfortunate consequences are already apparent.,0.725835349,already,,,,c4_-om2-data-public-allenai-c4-c4-en-c4-train.00242-of-01024.json.gz.04854831,False
,Virtually every retailer will carry them.,"""Virtually every retailer will carry them.""",0.7251314983,every,,,wsj.6.001541,wsj.280642,True
,We must humble ourselves before him.,We must humble ourselves before him.,0.7280166199,must,,,,c4_-om2-data-public-allenai-c4-c4-en-c4-train.00514-of-01024.json.gz.02184591,False
,Might be he'll need it soon.,Might be he'll need it soon.,0.7366788323,soon,,,torontofantasy.6.467015,torontofantasy.6069694,False
,Just wanted to offer some feedback.,Just wanted to offer some feedback.,0.7332754896,offer,,,,c4_-om2-data-public-allenai-c4-c4-en-c4-train.00470-of-01024.json.gz.00996564,False
,Because there were four separate items.,Because there were four separate items.,0.7331249974,separate,,,cocaspok1998.6.006631,cocaspok1998.0089976,False
,It simply doesn't get any better!!,It simply doesn't get any better!!,0.7377703562,better,,,,c4_-om2-data-public-allenai-c4-c4-en-c4-train.00480-of-01024.json.gz.00464343,False
,Valuable for all levels of management.,Valuable for all levels of management.,0.7360739057,valuable,,,,c4_-om2-data-public-allenai-c4-c4-en-c4-train.00514-of-01024.json.gz.02897463,False
,Powerful machine with variable speed control.,Powerful machine with variable speed control.,0.7423347854,powerful,,,,c4_-om2-data-public-allenai-c4-c4-en-c4-train.00918-of-01024.json.gz.00117866,False
,Identify the problem to be addressed.,Identify the problem to be addressed.,0.7221531232,problem,,,,c4_-om2-data-public-allenai-c4-c4-en-c4-train.00480-of-01024.json.gz.02196710,False
,It must be throwing his game.,It must be throwing his game.,0.7337631762,must,,,torontofantasy.6.276684,torontofantasy.3620277,False
,There must be a peace process.,There must be a peace process.,0.736451471,must,,,cocaspok1997.6.009675,cocaspok1997.0118515,False
,Cabins were very clean and comfortable.,Cabins were very clean and comfortable.,0.7213792577,clean,,,,c4_-om2-data-public-allenai-c4-c4-en-c4-train.00196-of-01024.json.gz.01044447,False
,I was frightened to begin with.,I was frightened to begin with.,0.7355289376,frightened,,,cocaspok2008.6.004160,cocaspok2008.0051999,False
,That was almost everything I had.,That was almost everything I had.,0.7420980689,almost,,,torontofantasy.6.332029,torontofantasy.4342528,False
,Anyone tried to implement such features?,Anyone tried to implement such features?,0.7272353802,such,,,,c4_-om2-data-public-allenai-c4-c4-en-c4-train.00480-of-01024.json.gz.01158589,False
,Others can be harsh and unforgiving.,Others can be harsh and unforgiving.,0.7299154754,harsh,,,,c4_-om2-data-public-allenai-c4-c4-en-c4-train.00961-of-01024.json.gz.02117895,False
,Then remembered he wouldn't get hurt.,Then remembered he wouldn't get hurt.,0.741706091,hurt,,,torontofantasy.6.407633,torontofantasy.5335173,False
,Employers offer different types of benefits.,Employers offer different types of benefits.,0.7352364694,offer,,,,c4_-om2-data-public-allenai-c4-c4-en-c4-train.00480-of-01024.json.gz.01554849,False
,"Two hours, perhaps three, had passed.","Two hours, perhaps three, had passed.",0.7353987703,perhaps,,,torontoadv.6.033633,torontoadv.576097,False
,Smooth sailing was already paying off.,Smooth sailing was already paying off.,0.7421721916,already,,,torontofantasy.6.274092,torontofantasy.3591948,False
,Convincing the public hasn't proven easy.,Convincing the public hasn't proven easy.,0.7203867377,"convincing,easy",,,cocaspok2007.6.006297,cocaspok2007.0083736,False
,Both sides are reporting heavy losses.,Both sides are reporting heavy losses.,0.7288315827,heavy,,,cocaspok2000.6.003161,cocaspok2000.0055699,False
,So I stopped caring and relaxed.,So I stopped caring and relaxed.,0.7394959185,caring,,,cocaspok1996.6.003932,cocaspok1996.0048114,False
,You're still always second guessing yourself.,You're still always second guessing yourself.,0.7363437766,still,,,cocaspok1992.6.007624,cocaspok1992.0104839,False
,His sign will be his power.,His sign will be his power.,0.7385649413,sign,,,torontofantasy.6.084209,torontofantasy.1245276,False
,Perhaps you are tweeting too frequently.,Perhaps you are tweeting too frequently.,0.7345609463,perhaps,,,,c4_-om2-data-public-allenai-c4-c4-en-c4-train.00514-of-01024.json.gz.01632784,False
,Her lack of a social life.,Her lack of a social life.,0.737573621,life,,,torontomyst.6.087889,torontomyst.1181832,False
,Are you afraid to be happy?,Are you afraid to be happy?,0.7256696924,afraid,,,torontofantasy.6.134040,torontofantasy.1835809,False
,"Actually, I already work for you.","Actually, I already work for you.",0.7420900775,already,,,cornellmov.6.027082,cornellmov.0163263,False
,"Only the powerful, only the rulers!","Only the powerful, only the rulers!",0.7368597062,powerful,,,torontoadv.6.059896,torontoadv.994864,False
,We'd be set up for life!,We'd be set up for life!,0.7323300475,life,,,cornellmov.6.016046,cornellmov.0091867,False
,Only serious managers need to apply.,Only serious managers need to apply.,0.7328070964,serious,,,,c4_-om2-data-public-allenai-c4-c4-en-c4-train.00196-of-01024.json.gz.01904860,False
,Still no trace of her signal.,Still no trace of her signal.,0.7368157829,still,,,torontomyst.6.128827,torontomyst.1681330,False
,Really kind of a wasted life.,Really kind of a wasted life.,0.7406043409,life,,,cocaspok1999.6.002034,cocaspok1999.0027783,False
,"I mean, give me a break.","I mean, give me a break.",0.7422015928,give,,,cocaspok1992.6.003795,cocaspok1992.0048725,False
,Life was not easy for me.,Life was not easy for me.,0.7359677477,"life,easy",,,cocaspok2007.6.000004,cocaspok2007.0000089,False
,Of course time is a problem.,Of course time is a problem.,0.738701041,problem,,,,c4_-om2-data-public-allenai-c4-c4-en-c4-train.00491-of-01024.json.gz.00009630,False
,"And every cat's watching, ain't they?","And every cat's watching, ain't they?",0.739827064,every,,,cornellmov.6.021473,cornellmov.0126408,False
,"So, it was a good outcome?","So, it was a good outcome?",0.7320232599,outcome,,,cocaspok2011.6.004070,cocaspok2011.0051928,False
,How cheerful and comforting it looked.,How cheerful and comforting it looked.,0.7391291356,comforting,,,torontofantasy.6.246684,torontofantasy.3271974,False
,"The machine, however, was always guarded.","The machine, however, was always guarded.",0.7350642578,guarded,,,torontofantasy.6.176645,torontofantasy.2395250,False
,It should be a clean sport.,It should be a clean sport.,0.7349131841,clean,,,,c4_-om2-data-public-allenai-c4-c4-en-c4-train.00196-of-01024.json.gz.02048790,False
,And I must stay with him.,And I must stay with him.,0.7402683301,must,,,torontofantasy.6.384034,torontofantasy.5026504,False
,"The plan is brief, yet comprehensive.","The plan is brief, yet comprehensive.",0.7346979693,brief,,,,c4_-om2-data-public-allenai-c4-c4-en-c4-train.00368-of-01024.json.gz.04723529,False
,I suggest to reconsider my offer.,I suggest to reconsider my offer.,0.7390019986,offer,,,cornellmov.6.034767,cornellmov.0212165,False
,"The resistance was determined, but ineffective.","The resistance was determined, but ineffective.",0.7296946387,determined,,,torontoadv.6.012279,torontoadv.209751,False
,Letting go of a certain outcome.,Letting go of a certain outcome.,0.7283472326,"certain,outcome",,,,c4_-om2-data-public-allenai-c4-c4-en-c4-train.00470-of-01024.json.gz.01799308,False
,This will become very relevant soon.,This will become very relevant soon.,0.7381791624,"become,soon",,,,c4_-om2-data-public-allenai-c4-c4-en-c4-train.00242-of-01024.json.gz.00400510,False
,Science practical components must be passed.,Science practical components must be passed.,0.735983568,must,,,,c4_-om2-data-public-allenai-c4-c4-en-c4-train.00242-of-01024.json.gz.04751172,False
,"I keep telling him, it's done.","I keep telling him, it's done.",0.7406058191,telling,,,torontofantasy.6.293987,torontofantasy.3841866,False
,But strict harmonious symmetry of parts.,But strict harmonious symmetry of parts.,0.7400172547,harmonious,,,,c4_-om2-data-public-allenai-c4-c4-en-c4-train.00491-of-01024.json.gz.02983176,False
,Easy to utilize and cost efficient.,Easy to utilize and cost efficient.,0.7254865116,easy,,,,c4_-om2-data-public-allenai-c4-c4-en-c4-train.00918-of-01024.json.gz.00230913,False
,"However, they prefer they remain confidential.","However, they prefer they remain confidential.",0.7384858467,prefer,,,,c4_-om2-data-public-allenai-c4-c4-en-c4-train.00491-of-01024.json.gz.04141313,False
,Details of Taliesin's life are sparse.,Details of Taliesin's life are sparse.,0.7354260954,life,,,,c4_-om2-data-public-allenai-c4-c4-en-c4-train.00368-of-01024.json.gz.00902953,False
,He must not keep him waiting.,He must not keep him waiting.,0.731216263,must,,,torontofantasy.6.085469,torontofantasy.1266336,False
,It wasn't that he was afraid.,It wasn't that he was afraid.,0.7410923964,afraid,,,torontofantasy.6.307329,torontofantasy.4030297,False
,Still very vulnerable to percussion weapons.,Still very vulnerable to percussion weapons.,0.7388093577,still,,,,c4_-om2-data-public-allenai-c4-c4-en-c4-train.00961-of-01024.json.gz.04886945,False
,We have a strong innovation pipeline.,We have a strong innovation pipeline.,0.7423470412,strong,,,,c4_-om2-data-public-allenai-c4-c4-en-c4-train.00514-of-01024.json.gz.03239524,False
,Not everyone was against the creatures.,Not everyone was against the creatures.,0.7381863692,everyone,,,torontofantasy.6.034017,torontofantasy.495173,False
,Better than I'd ever felt before.,Better than I'd ever felt before.,0.7414177374,better,,,torontofantasy.6.457982,torontofantasy.5950568,False
,So give them a heads up.,So give them a heads up.,0.7371892303,give,,,cocaspok2006.6.001088,cocaspok2006.0018161,False
,Mountains remind me of unhappy times.,Mountains remind me of unhappy times.,0.7399019827,remind,,,torontofantasy.6.006032,torontofantasy.84061,False
,They usually have a strong accent.,They usually have a strong accent.,0.7364017418,strong,,,,c4_-om2-data-public-allenai-c4-c4-en-c4-train.00196-of-01024.json.gz.01843639,False
,But he was still shaking slightly.,But he was still shaking slightly.,0.735364057,still,,,torontomyst.6.108101,torontomyst.1425220,False
,We're all still feeling our way.,We're all still feeling our way.,0.7336404301,still,,,torontomyst.6.154875,torontomyst.1992427,False
,Plan every stop along the way.,Plan every stop along the way.,0.7416227289,every,,,cornellmov.6.020848,cornellmov.0122475,False
,Perhaps it had been too mean.,Perhaps it had been too mean.,0.7406264613,perhaps,,,torontomyst.6.080021,torontomyst.1087360,False
,We think that it was intentional.,We think that it was intentional.,0.7409149391,intentional,,,cocaspok2010.6.011031,cocaspok2010.0142867,False
,"Sure, hard to argue with that.","Sure, hard to argue with that.",0.7385394177,argue,,,,c4_-om2-data-public-allenai-c4-c4-en-c4-train.00918-of-01024.json.gz.03257126,False
,"Citizens' sons, almost all of them.","Citizens' sons, almost all of them.",0.741730343,almost,,,torontofantasy.6.148116,torontofantasy.2013953,False
,Power wasn't easy to give up.,Power wasn't easy to give up.,0.7309034299,"easy,give",,,torontofantasy.6.271689,torontofantasy.3567229,False
,Drawing is extremely easy and fun!,Drawing is extremely easy and fun!,0.7337454872,"extremely,easy",,,,c4_-om2-data-public-allenai-c4-c4-en-c4-train.00196-of-01024.json.gz.04697138,False
,Perhaps I should return to them.,Perhaps I should return to them.,0.7358982716,perhaps,,,torontofantasy.6.180953,torontofantasy.2460253,False
,But it made me feel better.,But it made me feel better.,0.740411522,better,,,torontofantasy.6.037718,torontofantasy.560561,False
,Will Stable Court become a reality?,Will Stable Court become a reality?,0.7363032323,become,,,,c4_-om2-data-public-allenai-c4-c4-en-c4-train.00242-of-01024.json.gz.02454301,False
,Must one always be after something?,Must one always be after something?,0.7240053839,must,,,cornellmov.6.004076,cornellmov.0022873,False
,"The far more convenient, the better.","The far more convenient, the better.",0.7377226138,better,,,,c4_-om2-data-public-allenai-c4-c4-en-c4-train.00727-of-01024.json.gz.02092856,False
,Hadn't he made that clear already?,Hadn't he made that clear already?,0.741440205,already,,,torontofantasy.6.261105,torontofantasy.3458633,False
,Telling me wouldn't have changed anything.,Telling me wouldn't have changed anything.,0.7342469115,telling,,,torontofantasy.6.333191,torontofantasy.4357516,False
,I retort trying to sound convincing.,I retort trying to sound convincing.,0.7312166575,convincing,,,torontomyst.6.035463,torontomyst.502285,False
,"Number one, let's focus on jobs.","Number one, let's focus on jobs.",0.7318245178,focus,,,cocaspok2008.6.008745,cocaspok2008.0107632,False
,I'm not forcing them to leave.,I'm not forcing them to leave.,0.7370671199,leave,,,cocaspok1994.6.000053,cocaspok1994.0000768,False
,Implement continuous and routine improvement ideas.,Implement continuous and routine improvement ideas.,0.7166041751,routine,,,,c4_-om2-data-public-allenai-c4-c4-en-c4-train.00470-of-01024.json.gz.04850425,False
,"If not, then they're already empty.","If not, then they're already empty.",0.7418305979,already,,,,c4_-om2-data-public-allenai-c4-c4-en-c4-train.00480-of-01024.json.gz.01636827,False
,Give me a reason not to.,Give me a reason not to.,0.7285574864,give,,,cornellmov.6.014243,cornellmov.0081017,False
,That must make you very proud...,That must make you very proud...,0.7356134452,must,,,cornellmov.6.024361,cornellmov.0145490,False
