reject,sentence_edit,sentence,mean_mem,low_mem_words,mid_mem_words,high_mem_words,index,original_index
,,Can anyone give me any tips?,0.7385985886,give,,,,c4_-om2-data-public-allenai-c4-c4-en-c4-train.00727-of-01024.json.gz.02883519
,,Nothing exciting but better than nothing!,0.7369146976,better,,,,c4_-om2-data-public-allenai-c4-c4-en-c4-train.00514-of-01024.json.gz.01138997
,,Not a sound disturbed the night.,0.7407492011,disturbed,,,torontoadv.6.047740,torontoadv.807327
,,Or perhaps the distinction is blurred?,0.7411593968,perhaps,,,,c4_-om2-data-public-allenai-c4-c4-en-c4-train.00727-of-01024.json.gz.01200954
,,Or perhaps someone purposefully implanted it.,0.741945413,perhaps,,,torontofantasy.6.076876,torontofantasy.1138058
,,Four of those are already sold.,0.7394647772,already,,,cocaspok2004.6.004555,cocaspok2004.0071190
,,"And besides, it had been satisfying.",0.7321036934,besides,,,torontomyst.6.089536,torontomyst.1204279
,,No surprise perhaps to most people.,0.736116189,perhaps,,,cocaspok2009.6.008519,cocaspok2009.0109651
,They'll be a very strong company.,Theyll be a very strong company.,0.7288281106,strong,,,cocaspok2001.6.002252,cocaspok2001.0039924
,,They send frequent health messages also.,0.7393742407,frequent,,,,c4_-om2-data-public-allenai-c4-c4-en-c4-train.00480-of-01024.json.gz.03056467
,,Broad or complex understanding of health.,0.7397120983,broad,,,,c4_-om2-data-public-allenai-c4-c4-en-c4-train.00514-of-01024.json.gz.03670792
,,How much could one person endure?,0.7349146023,endure,,,torontomyst.6.063829,torontomyst.887322
,"Reliable, secure and no paperwork needed!","Reliable, Secure and No Paperwork Needed!",0.7369494601,secure,,,,c4_-om2-data-public-allenai-c4-c4-en-c4-train.00491-of-01024.json.gz.04388867
,,But I had already designed it.,0.7398504917,already,,,torontomyst.6.000589,torontomyst.10435
,,You can still find that kind.,0.7416413361,still,,,cocaspok1995.6.006264,cocaspok1995.077744
,,I never felt so clean before.,0.7355091574,clean,,,cornellmov.6.004633,cornellmov.0026113
,,You are too valuable to quit.,0.7342621806,valuable,,,,c4_-om2-data-public-allenai-c4-c4-en-c4-train.00491-of-01024.json.gz.02908180
,,Perhaps if he'd let them retreat...,0.7373283589,perhaps,,,torontofantasy.6.164155,torontofantasy.2229945
,,"I was still standing, still fighting.",0.7417934008,"still,still",,,torontofantasy.6.106244,torontofantasy.1532140
,,Then you must make all speed.,0.7415911943,must,,,torontofantasy.6.483370,torontofantasy.6302254
,,I can't get hold of him.,0.7418648204,hold,,,cornellmov.6.032957,cornellmov.0200356
,,But they were still out there.,0.7389919817,still,,,torontofantasy.6.170161,torontofantasy.2304322
,,"Better strategies, better plans, better projects.",0.7392966396,"better,better,better",,,,c4_-om2-data-public-allenai-c4-c4-en-c4-train.00480-of-01024.json.gz.01371165
,,It is so simple to clean.,0.7302877295,clean,,,,c4_-om2-data-public-allenai-c4-c4-en-c4-train.00242-of-01024.json.gz.00923544
,,We are also strong community supporters.,0.7372538373,strong,,,,c4_-om2-data-public-allenai-c4-c4-en-c4-train.00196-of-01024.json.gz.01471259
,,Patience was never her strong point.,0.7382300735,strong,,,torontofantasy.6.429558,torontofantasy.5666045
,,He was still lamenting its loss.,0.7423242444,still,,,torontoadv.6.006886,torontoadv.117276
,,Perhaps it won't even be news.,0.7405097965,perhaps,,,,c4_-om2-data-public-allenai-c4-c4-en-c4-train.00491-of-01024.json.gz.03677227
,,"Well, that must feel pretty good.",0.741751708,must,,,cocaspok2002.6.000746,cocaspok2002.0013331
,,You've had plenty of time already!,0.7404960732,already,,,cornellmov.6.015356,cornellmov.0087672
,,Almost time for him to leave.,0.7401898315,"almost,leave",,,torontomyst.6.048761,torontomyst.682834
,,He was determined to fulfill it.,0.7318817324,determined,,,torontofantasy.6.091278,torontofantasy.1344099
,,There we rebuilt every single one.,0.73702474,every,,,torontofantasy.6.058039,torontofantasy.839967
,,"Comprehension of short, easy personal letters.",0.7417723393,easy,,,,c4_-om2-data-public-allenai-c4-c4-en-c4-train.00196-of-01024.json.gz.01177478
,,But they hold up remarkably well.,0.7331620514,hold,,,,c4_-om2-data-public-allenai-c4-c4-en-c4-train.00918-of-01024.json.gz.02636848
,,"Well, you can describe it accurately.",0.7276352606,describe,,,cocaspok2007.6.003143,cocaspok2007.0038767
,,Poppa's going to be here soon.,0.7399997393,soon,,,torontomyst.6.090119,torontomyst.1212351
,,Therefore to hold meetings by them.,0.7298490153,hold,,,,c4_-om2-data-public-allenai-c4-c4-en-c4-train.00368-of-01024.json.gz.01201833
,,Throwing the fan - what's the outcome??,0.7409723316,outcome,,,,c4_-om2-data-public-allenai-c4-c4-en-c4-train.00514-of-01024.json.gz.03758919
,,Let's give the events a recap.,0.7415648552,give,,,,c4_-om2-data-public-allenai-c4-c4-en-c4-train.00480-of-01024.json.gz.01662155
,History is full of contrary evidence.,History is full of contrary evidence:,0.7361230943,full,,,wsj.6.001927,wsj.347894
,,It only took a brief moment.,0.7341076792,brief,,,torontofantasy.6.033060,torontofantasy.479788
,,"Statistically, we may be safe somewhat.",0.7239095784,somewhat,,,cocaspok1999.6.003229,cocaspok1999.0043756
,,He was able to give directions.,0.7298775112,give,,,torontomyst.6.001995,torontomyst.29208
,,You must not fixate on them.,0.7328650698,must,,,torontofantasy.6.205639,torontofantasy.2783725
,,But it wasn't easy for him.,0.734686133,easy,,,cocaspok2011.6.010241,cocaspok2011.0130760
,,"A remarkable piece of writing, indeed!",0.7328544415,remarkable,,,,c4_-om2-data-public-allenai-c4-c4-en-c4-train.00242-of-01024.json.gz.00614896
,,Time for a brief time out.,0.7396737377,brief,,,cocaspok2004.6.004957,cocaspok2004.0077635
,,Detailed conclusion recaps arguments and evidence.,0.7361932764,detailed,,,,c4_-om2-data-public-allenai-c4-c4-en-c4-train.00918-of-01024.json.gz.04060091
,,They have not been the problem.,0.7336999449,problem,,,cocaspok1993.6.009132,cocaspok1993.0127932
,,I just wanted to hurt him.,0.7392556903,hurt,,,torontomyst.6.063013,torontomyst.875853
,,Focus on quality rather than quantity.,0.7270000244,focus,,,,c4_-om2-data-public-allenai-c4-c4-en-c4-train.00918-of-01024.json.gz.00227621
,,It makes the situation extremely dangerous.,0.7391854389,extremely,,,cocaspok1993.6.006849,cocaspok1993.0087754
,,Those should be up very soon.,0.7316450222,soon,,,,c4_-om2-data-public-allenai-c4-c4-en-c4-train.00470-of-01024.json.gz.04815392
,,I can't imagine life without them.,0.7403887537,life,,,,c4_-om2-data-public-allenai-c4-c4-en-c4-train.00514-of-01024.json.gz.04021718
,,We are afraid of any engineering.,0.7296107469,afraid,,,cocaspok1998.6.009912,cocaspok1998.0132401
,,We must give time for time.,0.7419621519,"must,give",,,cornellmov.6.015535,cornellmov.0088676
,,It was very easy to manage.,0.7247370559,easy,,,,c4_-om2-data-public-allenai-c4-c4-en-c4-train.00514-of-01024.json.gz.04906722
,,It's almost embarrassing to all concerned.,0.7413305969,"almost,concerned",,,,c4_-om2-data-public-allenai-c4-c4-en-c4-train.00196-of-01024.json.gz.00542606
,,We've tried escalation four times already.,0.7408965289,already,,,cocaspok2007.6.001785,cocaspok2007.0022163
,,Puppies are totally capable of learning.,0.7333670239,capable,,,,c4_-om2-data-public-allenai-c4-c4-en-c4-train.00242-of-01024.json.gz.04266046
,,Every part of it was delightful.,0.7385273886,"every,delightful",,,,c4_-om2-data-public-allenai-c4-c4-en-c4-train.00514-of-01024.json.gz.01592383
,,Because they have already earned enough.,0.7418463887,already,,,,c4_-om2-data-public-allenai-c4-c4-en-c4-train.00196-of-01024.json.gz.02171126
,,He'll kill every one of them.,0.732618131,every,,,torontofantasy.6.417246,torontofantasy.5472287
,,Nothing you would find very remarkable.,0.7333083687,remarkable,,,torontofantasy.6.321986,torontofantasy.4221480
,,We'd be forced to land anyway.,0.7362109207,forced,,,torontomyst.6.124476,torontomyst.1633221
,We're still perfecting a viewing system.,We're - - still perfecting a viewing system.,0.7392964278,"still,viewing",,,cornellmov.6.033227,cornellmov.0201963
,,Not to give you a message.,0.731830782,give,,,torontofantasy.6.434406,torontofantasy.5724274
,,You are quite sure it's secure?,0.734629398,secure,,,cornellmov.6.006865,cornellmov.0039444
,,They want to give to society.,0.7398956445,give,,,,c4_-om2-data-public-allenai-c4-c4-en-c4-train.00961-of-01024.json.gz.02833630
,,They wanted a more exact match.,0.7394680862,exact,,,torontomyst.6.123689,torontomyst.1623633
,,And so every state is different.,0.74011228,every,,,cocaspok2011.6.001500,cocaspok2011.0018582
,,But give it to me again.,0.7390408526,give,,,cornellmov.6.034138,cornellmov.0208051
,,Their collaboration has been extremely successful.,0.7211007689,extremely,,,,c4_-om2-data-public-allenai-c4-c4-en-c4-train.00196-of-01024.json.gz.04907159
,,Others are afraid of losing them.,0.7213329948,afraid,,,cocaspok1992.6.005108,cocaspok1992.0066708
,,And increasingly those pleasures were youthful.,0.7322589716,pleasures,,,cocaspok2004.6.007044,cocaspok2004.0106832
,,I just couldn't leave without it.,0.7422691816,leave,,,,c4_-om2-data-public-allenai-c4-c4-en-c4-train.00368-of-01024.json.gz.01369339
,,It saddened me to leave it.,0.7352642242,leave,,,torontoadv.6.055217,torontoadv.919964
,,That would be disturbing to me.,0.7273519681,disturbing,,,cocaspok1997.6.005653,cocaspok1997.0068200
,,Maybe this'll make you feel better.,0.739408734,better,,,cornellmov.6.012024,cornellmov.0068349
,,Can a bru53x replace a bru5g?,0.7417186011,replace,,,,c4_-om2-data-public-allenai-c4-c4-en-c4-train.00514-of-01024.json.gz.01782355
,,Event staff can provide referral information.,0.7358098341,event,,,,c4_-om2-data-public-allenai-c4-c4-en-c4-train.00491-of-01024.json.gz.00052498
,,"Actually, is very easy to make!",0.7314760335,easy,,,,c4_-om2-data-public-allenai-c4-c4-en-c4-train.00480-of-01024.json.gz.00935467
,,Do not have to be precise.,0.734897994,precise,,,,c4_-om2-data-public-allenai-c4-c4-en-c4-train.00491-of-01024.json.gz.02968827
,,Souls feel a lot of sorrow.,0.7289032743,sorrow,,,,c4_-om2-data-public-allenai-c4-c4-en-c4-train.00242-of-01024.json.gz.00956678
,,The text wasn't easy for me.,0.7417785005,easy,,,torontofantasy.6.241948,torontofantasy.3213130
,,"Besides, you might even learn something.",0.7407054829,besides,,,cornellmov.6.037305,cornellmov.0228490
,,Omago asked with a puzzled frown.,0.7419459602,frown,,,torontofantasy.6.417555,torontofantasy.5479459
,,I was so ashamed and frightened.,0.7365505421,frightened,,,cocaspok2006.6.009677,cocaspok2006.0144862
,,But we will not offer terms.,0.7356333969,"offer,terms",,,torontofantasy.6.478686,torontofantasy.6227385
,,Certain skills you just never forgot.,0.7400001234,certain,,,torontofantasy.6.337942,torontofantasy.4439123
,,They're frightened out of their minds!,0.7325607508,frightened,,,torontofantasy.6.123211,torontofantasy.1710807
,,I hope you fulfill the longing.,0.7380406159,longing,,,cocaspok2001.6.006468,cocaspok2001.0099327
,,More like extremely happy and confident.,0.7410212666,extremely,,,torontofantasy.6.283581,torontofantasy.3691185
,,The last notice should be noted.,0.7401137558,last,,,,c4_-om2-data-public-allenai-c4-c4-en-c4-train.00196-of-01024.json.gz.04000667
,,Hold on just for a second.,0.739749086,hold,,,cocaspok1996.6.006081,cocaspok1996.0074932
,,Mercy would be getting up soon.,0.7363984916,soon,,,torontofantasy.6.037611,torontofantasy.559190
,,They were concerned about various politicians.,0.7322017966,concerned,,,cocaspok2010.6.006144,cocaspok2010.0080316
,,How are we going to cope?,0.7406679136,cope,,,cornellmov.6.002404,cornellmov.0013613
,,We played some games of chance.,0.7364520283,played,,,,c4_-om2-data-public-allenai-c4-c4-en-c4-train.00961-of-01024.json.gz.01504769
,,Would he be contacting me soon?,0.7374759385,soon,,,torontofantasy.6.312321,torontofantasy.4099535
,I'll get you some quick work.,I'll get you some quick work .,0.7421710158,quick,,,cornellmov.6.010620,cornellmov.0060200
,,It was a very sad life.,0.7407860523,life,,,cocaspok2000.6.006914,cocaspok2000.0110062
,,He was still going to lose.,0.7421326392,still,,,torontofantasy.6.206100,torontofantasy.2789148
,,"For instance, accounts have account owners.",0.7419057433,instance,,,,c4_-om2-data-public-allenai-c4-c4-en-c4-train.00491-of-01024.json.gz.04294259
,,Two heads work better than one.,0.7390102956,better,,,,c4_-om2-data-public-allenai-c4-c4-en-c4-train.00961-of-01024.json.gz.03436244
,,I can't confirm that for certain.,0.7422670828,certain,,,cocaspok2009.6.000407,cocaspok2009.0004073
,,Because that would be too easy.,0.7362326442,easy,,,cornellmov.6.010998,cornellmov.0062310
,,Else I'd still be locked up.,0.7390565515,still,,,torontofantasy.6.232466,torontofantasy.3099045
,,Such a clean and simple method!,0.7285668954,"such,clean",,,,c4_-om2-data-public-allenai-c4-c4-en-c4-train.00514-of-01024.json.gz.03864728
,,The most economical seat we offer.,0.7321102086,offer,,,,c4_-om2-data-public-allenai-c4-c4-en-c4-train.00368-of-01024.json.gz.03008606
,,Purchase energy efficient equipment whenever possible.,0.7263399749,whenever,,,,c4_-om2-data-public-allenai-c4-c4-en-c4-train.00727-of-01024.json.gz.04761154
,,"Our strong point, our value proposition.",0.7369794359,strong,,,cocaspok2005.6.005684,cocaspok2005.0089127
,,Better if I just show you.,0.7384886979,better,,,cornellmov.6.001484,cornellmov.0008126
,,It must be getting more serious.,0.730368749,"must,serious",,,brown.6.001172,brown.023082
,,You must not diverge any further.,0.731117753,must,,,torontofantasy.6.152299,torontofantasy.2072808
,,It might be too late already.,0.7401691432,"late,already",,,cornellmov.6.023739,cornellmov.0141422
,,Perhaps one or two stayed behind.,0.7357654719,perhaps,,,torontoadv.6.032901,torontoadv.565382
,,I'd always give them their due.,0.729436251,give,,,cocaspok2001.6.001607,cocaspok2001.0029119
,,No obstacles remained ahead of her.,0.7266557682,remained,,,torontofantasy.6.325226,torontofantasy.4255488
,,They've got a very strong theme.,0.7358405577,strong,,,cocaspok2007.6.005948,cocaspok2007.0079628
,,"Still talking, but unable to hear.",0.7303036552,still,,,torontofantasy.6.029004,torontofantasy.422983
,,What you describe is not unusual.,0.7396253112,"describe,unusual",,,,c4_-om2-data-public-allenai-c4-c4-en-c4-train.00727-of-01024.json.gz.03924043
,They must not come to harm.,They must not come to harm..,0.7397000114,must,,,torontofantasy.6.462577,torontofantasy.6015944
,,Public in a timely a manner.,0.7261367263,manner,,,,c4_-om2-data-public-allenai-c4-c4-en-c4-train.00514-of-01024.json.gz.04151379
,,Everyone wants to protect me lately.,0.7398032101,everyone,,,torontofantasy.6.178851,torontofantasy.2435901
1,,"Through interpreter Perhaps more, perhaps less.",0.7412169617,"perhaps,perhaps",,,cocaspok1993.6.004599,cocaspok1993.0057903
,,And for you could be free.,0.7419972749,free,,,,c4_-om2-data-public-allenai-c4-c4-en-c4-train.00368-of-01024.json.gz.02633234
,,His voice was full of concern.,0.7368438537,full,,,torontofantasy.6.229738,torontofantasy.3069087
,,He forced you to crave him.,0.7422463933,forced,,,torontofantasy.6.134026,torontofantasy.1835671
,,They played cards for several hours.,0.7423756345,played,,,,c4_-om2-data-public-allenai-c4-c4-en-c4-train.00727-of-01024.json.gz.01632667
,,That would perhaps eliminate the will.,0.7372767829,perhaps,,,cocaspok1993.6.002509,cocaspok1993.0034546
,,God knows he'd been hurt enough.,0.7405470027,hurt,,,torontomyst.6.067306,torontomyst.933118
,,Not a hint of life remained.,0.7330890853,"life,remained",,,torontofantasy.6.353621,torontofantasy.4646449
,,Is that easy enough for you?,0.7322657846,easy,,,,c4_-om2-data-public-allenai-c4-c4-en-c4-train.00470-of-01024.json.gz.00942275
,,Or arrogantly presuming I desire you?,0.7420710509,desire,,,torontofantasy.6.303233,torontofantasy.3971005
,,But I forced myself to breathe.,0.7331902857,forced,,,torontofantasy.6.294818,torontofantasy.3852621
,,But whenever he was with her...,0.7373308276,whenever,,,torontofantasy.6.223939,torontofantasy.2998495
,,Well we must be missing somebody.,0.7329148329,must,,,cocaspok2006.6.006656,cocaspok2006.0104979
,,The firing was brief and precise.,0.7281416467,"brief,precise",,,,c4_-om2-data-public-allenai-c4-c4-en-c4-train.00480-of-01024.json.gz.00168008
,,People are afraid to be different.,0.7217057646,afraid,,,cocaspok1996.6.000271,cocaspok1996.0004288
,,Would you accept extremely difficult instead?,0.720113856,extremely,,,torontofantasy.6.414306,torontofantasy.5431444
,,Certainly it is a formal step.,0.7346870036,formal,,,cocaspok2006.6.005379,cocaspok2006.0086254
,,Panic rooted me to the spot.,0.7375221788,spot,,,torontofantasy.6.105109,torontofantasy.1516304
,,I had a very secure feeling.,0.7252615867,secure,,,cocaspok2008.6.002598,cocaspok2008.0032561
,,He has a very powerful ship.,0.7323957773,powerful,,,cornellmov.6.018481,cornellmov.0107256
,,They are tending to the wounded.,0.7351588338,wounded,,,cocaspok1998.6.010182,cocaspok1998.0137229
,,We know it will be delightful.,0.7372874849,delightful,,,,c4_-om2-data-public-allenai-c4-c4-en-c4-train.00196-of-01024.json.gz.01098782
,,The remnants of a life raft.,0.7419488433,life,,,cornellmov.6.035431,cornellmov.0216208
,,It also promotes critical thinking skills.,0.7399933234,critical,,,,c4_-om2-data-public-allenai-c4-c4-en-c4-train.00470-of-01024.json.gz.04116842
,,I tried for a quick recovery.,0.7324100846,quick,,,torontofantasy.6.456849,torontofantasy.5933636
,,This was a very strong case.,0.7367805239,strong,,,cocaspok1998.6.004789,cocaspok1998.0064464
,,"First of all, we are bewildered.",0.7389734043,bewildered,,,cocaspok1998.6.002043,cocaspok1998.0028465
,,"Quoting is easy, painless and precise.",0.7417109739,"easy,precise",,,,c4_-om2-data-public-allenai-c4-c4-en-c4-train.00242-of-01024.json.gz.03075842
,,The usual chatter has been suspended.,0.7365681461,suspended,,,torontofantasy.6.151496,torontofantasy.2061992
,,Hail is a particularly strong foe.,0.7414809136,strong,,,,c4_-om2-data-public-allenai-c4-c4-en-c4-train.00196-of-01024.json.gz.00145152
,,Chemically we are already quite sympathetic.,0.7276391223,already,,,cornellmov.6.022327,cornellmov.0132074
,,Thanks every one for your suggestions.,0.7372195815,every,,,,c4_-om2-data-public-allenai-c4-c4-en-c4-train.00961-of-01024.json.gz.02320321
,,Confirm that the list is accurate.,0.7368278183,accurate,,,,c4_-om2-data-public-allenai-c4-c4-en-c4-train.00727-of-01024.json.gz.03164416
,,Quick with a moral and advice.,0.738573767,quick,,,torontofantasy.6.205154,torontofantasy.2778295
,,You must not have heard me.,0.7391880111,must,,,cocaspok1994.6.005443,cocaspok1994.0069214
,,A surprising and extremely unusual strategy.,0.7287210137,"extremely,unusual",,,cocaspok2011.6.000304,cocaspok2011.0003285
,,I believe we can be better.,0.738444057,better,,,cocaspok1992.6.003918,cocaspok1992.0050518
,,The guards won't be any problem.,0.7258663088,problem,,,torontofantasy.6.411167,torontofantasy.5387658
,,I'm still trying to catch up.,0.7374205988,still,,,,c4_-om2-data-public-allenai-c4-c4-en-c4-train.00491-of-01024.json.gz.00447156
,,I guarantee you will feel better.,0.7305599803,better,,,,c4_-om2-data-public-allenai-c4-c4-en-c4-train.00242-of-01024.json.gz.04457050
,,Both companies will sell the software.,0.7401528964,sell,,,wsj.6.000878,wsj.159865
,,Some of them are extremely tall.,0.7281322641,extremely,,,,c4_-om2-data-public-allenai-c4-c4-en-c4-train.00918-of-01024.json.gz.03144900
,,"I heard them leave, of course.",0.7389943812,leave,,,torontofantasy.6.420979,torontofantasy.5552131
,,But it was not peaceful sleep.,0.7373911016,peaceful,,,torontofantasy.6.031921,torontofantasy.465730
,,Every sort of inner organ imaginable.,0.7360758621,every,,,torontofantasy.6.112614,torontofantasy.1613822
,,Better to get rid of me.,0.7361490505,better,,,cornellmov.6.024582,cornellmov.0146982
,,And they had many phone conferences.,0.7420735429,conferences,,,cocaspok2005.6.004551,cocaspok2005.0072043
,,"Public intimidation, violation of protective order.",0.7374345618,protective,,,,c4_-om2-data-public-allenai-c4-c4-en-c4-train.00470-of-01024.json.gz.01830944
,,"However, it was easy to move!",0.7320956727,easy,,,torontofantasy.6.023547,torontofantasy.347685
,,I've tried every sort of cable.,0.7413273629,every,,,,c4_-om2-data-public-allenai-c4-c4-en-c4-train.00961-of-01024.json.gz.01184854
,,"Always smile, never be too serious.",0.7259153833,serious,,,,c4_-om2-data-public-allenai-c4-c4-en-c4-train.00727-of-01024.json.gz.03545498
,,Well... So you tried riding again?,0.741472666,riding,,,cornellmov.6.009874,cornellmov.0056235
,,You must not be thinking clearly.,0.7229169367,must,,,cornellmov.6.039685,cornellmov.0244223
,,Trouble viewing or accessing a service?,0.7350625672,viewing,,,,c4_-om2-data-public-allenai-c4-c4-en-c4-train.00242-of-01024.json.gz.01912464
,,As opposed to being more spiritual.,0.7339499745,opposed,,,cocaspok2009.6.005958,cocaspok2009.0076118
,,It's been a shock to everyone.,0.7358976569,everyone,,,,c4_-om2-data-public-allenai-c4-c4-en-c4-train.00242-of-01024.json.gz.04845097
,,The pressure must have been enormous.,0.733370428,"must,enormous",,,cocaspok2003.6.006201,cocaspok2003.0094285
,,They're not going to hurt me.,0.7384087053,hurt,,,torontofantasy.6.267301,torontofantasy.3521680
,,It should leave a clear trail.,0.7414046698,leave,,,torontofantasy.6.322226,torontofantasy.4223409
,,Let me give you a hypothetical.,0.7386574543,give,,,torontomyst.6.035551,torontomyst.503582
,,Change them if they become damp.,0.7294959357,"become,damp",,,,c4_-om2-data-public-allenai-c4-c4-en-c4-train.00918-of-01024.json.gz.03398446
,,Its remains are still visible today.,0.7378484335,still,,,,c4_-om2-data-public-allenai-c4-c4-en-c4-train.00470-of-01024.json.gz.04583692
,,We are responsive to community concerns.,0.7222538354,responsive,,,,c4_-om2-data-public-allenai-c4-c4-en-c4-train.00727-of-01024.json.gz.00125036
,,Our police are afraid of them.,0.728691675,afraid,,,cornellmov.6.025351,cornellmov.0152088
,,It must be close to dawn.,0.7389314891,must,,,torontofantasy.6.336350,torontofantasy.4412462
,,We understand it's a serious amount.,0.7421655925,serious,,,cocaspok1998.6.000854,cocaspok1998.0012851
,,Repeat if needed for full coverage.,0.740726407,full,,,,c4_-om2-data-public-allenai-c4-c4-en-c4-train.00470-of-01024.json.gz.02244582
,,Intended for and available to everyone.,0.7378773559,everyone,,,,c4_-om2-data-public-allenai-c4-c4-en-c4-train.00727-of-01024.json.gz.01699666
,,It was very clean and modern.,0.7395848266,clean,,,,c4_-om2-data-public-allenai-c4-c4-en-c4-train.00368-of-01024.json.gz.00894170
,,Learning to forgive benefits everyone involved.,0.7370439111,everyone,,,,c4_-om2-data-public-allenai-c4-c4-en-c4-train.00918-of-01024.json.gz.02272708
,,The key to survival is moderation.,0.740182773,survival,,,torontofantasy.6.362887,torontofantasy.4749453
,,Terms of the venture weren't disclosed.,0.7403634646,"terms,venture",,,wsj.6.001688,wsj.307889
,,What experience remained to be seen.,0.7319714776,remained,,,torontofantasy.6.408241,torontofantasy.5344328
,,The wound couldn't be that serious.,0.7333151722,serious,,,torontofantasy.6.469730,torontofantasy.6100981
,,I have to clean it up.,0.7370648702,clean,,,torontofantasy.6.386761,torontofantasy.5068113
,,"We have to be strong, sweetheart.",0.7377350544,strong,,,cornellmov.6.017009,cornellmov.0098003
,,How do we become a customer?,0.7423097714,become,,,,c4_-om2-data-public-allenai-c4-c4-en-c4-train.00368-of-01024.json.gz.03562544
,,The second guard waved them past.,0.740211723,waved,,,torontofantasy.6.462741,torontofantasy.6017854
,,I get emails from them constantly.,0.7307816281,constantly,,,,c4_-om2-data-public-allenai-c4-c4-en-c4-train.00470-of-01024.json.gz.04450581
,,How soon will you be ready?,0.7352915546,soon,,,cornellmov.6.018985,cornellmov.0110790
,,I go through without any alarms.,0.7419723284,alarms,,,,c4_-om2-data-public-allenai-c4-c4-en-c4-train.00961-of-01024.json.gz.00623669
,,But the procedure isn't for everyone.,0.7407359502,everyone,,,cocaspok2004.6.008069,cocaspok2004.0119471
,,It is such a great feeling.,0.7376054288,such,,,cocaspok2009.6.007504,cocaspok2009.0095892
,,We have one slight problem though.,0.727931169,problem,,,torontoadv.6.041981,torontoadv.715747
,,I would recommend Nadia's to everyone!,0.7391108713,everyone,,,,c4_-om2-data-public-allenai-c4-c4-en-c4-train.00196-of-01024.json.gz.01795065
,,He wanted to keep this serious.,0.7412496549,serious,,,torontofantasy.6.079874,torontofantasy.1178694
,,"He was so strong, so commanding.",0.7352196295,strong,,,torontofantasy.6.214391,torontofantasy.2893101
,,To give your anger a voice.,0.7360135592,give,,,cornellmov.6.038430,cornellmov.0235755
,,"Sounds just a little complicated, appropriate?",0.7405762662,appropriate,,,,c4_-om2-data-public-allenai-c4-c4-en-c4-train.00727-of-01024.json.gz.00529914
,,He would be easy to manage.,0.7262502337,easy,,,torontoadv.6.019513,torontoadv.349018
,,Because you wanted to be free?,0.7387956405,free,,,cornellmov.6.031618,cornellmov.0192232
,,He was giving them full employment.,0.7384097116,full,,,cocaspok1993.6.008853,cocaspok1993.0121950
,,And getting better all the time.,0.7411710324,better,,,cornellmov.6.019018,cornellmov.0111012
,,They are usually easy to access.,0.7225889926,easy,,,,c4_-om2-data-public-allenai-c4-c4-en-c4-train.00196-of-01024.json.gz.00363393
,,"They felt more vital, more real.",0.7417285095,real,,,torontofantasy.6.473031,torontofantasy.6149292
,,Some groups also hold suspension performances.,0.7423305053,hold,,,,c4_-om2-data-public-allenai-c4-c4-en-c4-train.00961-of-01024.json.gz.03793389
,,Everyone had been working so hard.,0.7341402731,everyone,,,torontomyst.6.034786,torontomyst.493019
,,Evelyn pained expression focused on me.,0.7399070075,expression,,,torontomyst.6.055620,torontomyst.774149
,,He'd give you a flippant answer.,0.7386849891,give,,,torontofantasy.6.331350,torontofantasy.4334790
,,Give them perspective on their relationship.,0.7342967994,give,,,torontoadv.6.053318,torontoadv.895319
,,We're still asking folks to leave.,0.7405329328,"still,leave",,,cocaspok2005.6.002313,cocaspok2005.0040563
,,"Of earth's mortals, struggling to cope.",0.7320681261,cope,,,torontofantasy.6.065899,torontofantasy.966510
,,Yet the outcome can be unpredictable.,0.7237467211,outcome,,,wsj.6.000723,wsj.132603
,,Their apps on a daily basis.,0.7407366353,basis,,,,c4_-om2-data-public-allenai-c4-c4-en-c4-train.00480-of-01024.json.gz.03677081
,,You will never leave our minds.,0.7419685416,leave,,,,c4_-om2-data-public-allenai-c4-c4-en-c4-train.00480-of-01024.json.gz.00499317
,,We get the attention we desire.,0.7283443321,desire,,,,c4_-om2-data-public-allenai-c4-c4-en-c4-train.00196-of-01024.json.gz.02533874
,,My skin felt smooth and clean.,0.738714702,clean,,,,c4_-om2-data-public-allenai-c4-c4-en-c4-train.00480-of-01024.json.gz.04856489
,,So give unselfishly and receive abundantly.,0.7346767945,"give,abundantly",,,,c4_-om2-data-public-allenai-c4-c4-en-c4-train.00727-of-01024.json.gz.02250619
,,Of course we were all concerned.,0.725777931,concerned,,,torontomyst.6.139158,torontomyst.1804703
,,That obviously changes the situation somewhat.,0.7253888121,somewhat,,,cocaspok1997.6.009553,cocaspok1997.0116289
,,"Well, give a couple of minutes...",0.7350155378,give,,,cornellmov.6.006351,cornellmov.0036107
,,We are concerned with higher matters.,0.7337743662,concerned,,,torontofantasy.6.090934,torontofantasy.1340894
,,I excused myself to the restroom.,0.7396879311,excused,,,torontofantasy.6.080331,torontofantasy.1185920
,,We constantly improve update our content.,0.7271525162,constantly,,,,c4_-om2-data-public-allenai-c4-c4-en-c4-train.00196-of-01024.json.gz.01633462
,,It's not going to be easy.,0.7374927052,easy,,,cocaspok1998.6.009453,cocaspok1998.0124555
,,And I struggle to walk properly.,0.7290118056,struggle,,,torontoadv.6.002056,torontoadv.40386
,,Your leg must be getting better.,0.7364956902,"must,better",,,cornellmov.6.007140,cornellmov.0040902
,,I was feeling a little better.,0.7371050657,better,,,torontomyst.6.030545,torontomyst.436181
,,Select the best suitable company offering.,0.7407731007,suitable,,,,c4_-om2-data-public-allenai-c4-c4-en-c4-train.00196-of-01024.json.gz.00937098
,,She's kind of afraid of people.,0.7354552845,afraid,,,cocaspok1990.6.007033,cocaspok1990.0126080
,,"Larry, you just take it easy.",0.7423880415,easy,,,cornellmov.6.008779,cornellmov.0050333
,,We are concerned here -- let's focus.,0.7310314431,"concerned,focus",,,cocaspok1997.6.008226,cocaspok1997.0096742
,,"A fascinating pursuit, I assure you.",0.7266541488,"fascinating,pursuit",,,brown.6.001061,brown.020725
,,Are you afraid of growing competition?,0.729432523,afraid,,,,c4_-om2-data-public-allenai-c4-c4-en-c4-train.00480-of-01024.json.gz.01499799
,,But everything is also getting better.,0.7404795863,better,,,cornellmov.6.017951,cornellmov.0103867
,,Thank you for a thoughtful piece.,0.7367341231,thoughtful,,,,c4_-om2-data-public-allenai-c4-c4-en-c4-train.00242-of-01024.json.gz.02087054
,,Then you'd better start believing me.,0.7408459283,better,,,cornellmov.6.001998,cornellmov.0011270
,,We've been planning to leave soon.,0.7372883696,"leave,soon",,,torontofantasy.6.327491,torontofantasy.4280872
,,Give the best first impression possible.,0.7384636601,give,,,,c4_-om2-data-public-allenai-c4-c4-en-c4-train.00196-of-01024.json.gz.00829665
,,Give her a couple of hours.,0.7315073485,give,,,cornellmov.6.029211,cornellmov.0176798
,,"Then they're not separated, are they?",0.737202934,separated,,,cornellmov.6.012071,cornellmov.0068601
,,His expression clearly showed his confusion.,0.733502228,expression,,,torontoadv.6.047485,torontoadv.798840
,,Sort of low to medium heat.,0.7342756113,low,,,cocaspok2002.6.006468,cocaspok2002.0098285
,,I wanted you to be real.,0.7408562859,real,,,cornellmov.6.019777,cornellmov.0115744
,,"For instance, to, too, and two.",0.7418436755,instance,,,,c4_-om2-data-public-allenai-c4-c4-en-c4-train.00470-of-01024.json.gz.02705189
,,All manner of organisations and individuals.,0.7182827329,manner,,,,c4_-om2-data-public-allenai-c4-c4-en-c4-train.00470-of-01024.json.gz.00654267
,,Unless he'd been afraid they'd know.,0.732931541,afraid,,,torontofantasy.6.101660,torontofantasy.1471134
,,"Another, better moment would present itself.",0.7374472297,better,,,torontofantasy.6.244962,torontofantasy.3250020
,,We should keep our expectations low.,0.7321006252,low,,,,c4_-om2-data-public-allenai-c4-c4-en-c4-train.00368-of-01024.json.gz.01626703
,,"To give her some space, but...",0.7417451291,give,,,torontofantasy.6.449201,torontofantasy.5839980
,,For a moment the room spun.,0.7403775535,spun,,,torontomyst.6.009114,torontomyst.125516
,,Give her some of your strength.,0.7353139236,"give,strength",,,torontofantasy.6.410970,torontofantasy.5384610
,,Students must have good communication skills.,0.7409910658,must,,,,c4_-om2-data-public-allenai-c4-c4-en-c4-train.00480-of-01024.json.gz.02229645
,,What made you capable of it.,0.7341301918,capable,,,cornellmov.6.040459,cornellmov.0249305
,,"Indeed, nothing worth having comes easy.",0.7329157107,easy,,,,c4_-om2-data-public-allenai-c4-c4-en-c4-train.00196-of-01024.json.gz.03115754
,But isn't quick weight loss dangerous?,But Isn't Quick Weight Loss Dangerous?,0.7394171544,quick,,,,c4_-om2-data-public-allenai-c4-c4-en-c4-train.00918-of-01024.json.gz.02314684
,,You must have been very proud.,0.7271831566,must,,,cornellmov.6.015205,cornellmov.0086658
,,I could barely focus or function.,0.7334939271,focus,,,torontofantasy.6.312367,torontofantasy.4100015
,,"Still, I had to be careful.",0.7247295465,still,,,torontofantasy.6.172204,torontofantasy.2330522
,,Are you -- you for -- hold on.,0.7325686709,hold,,,cocaspok1993.6.003790,cocaspok1993.0049433
,,His dreams were growing more powerful.,0.7395995386,powerful,,,torontofantasy.6.340970,torontofantasy.4491098
,,I must insist you try some.,0.7346596962,must,,,cornellmov.6.016479,cornellmov.0094502
,,We want to make it better.,0.7385784396,better,,,cocaspok2006.6.008827,cocaspok2006.0135524
,,But you just made strong statements.,0.73448326,"strong,statements",,,cocaspok1990.6.003363,cocaspok1990.0050883
,,I forced myself to stay seated.,0.7284558515,forced,,,torontofantasy.6.262082,torontofantasy.3468228
,,You are very easy to understand.,0.7225946288,easy,,,,c4_-om2-data-public-allenai-c4-c4-en-c4-train.00727-of-01024.json.gz.02166890
,,A danger that was nearly tangible.,0.7288863094,tangible,,,torontofantasy.6.302818,torontofantasy.3964312
,,Still there are plenty of critics.,0.7350792178,still,,,wsj.6.001328,wsj.243956
,,Some individuals prefer utilizing thoughts maps.,0.7373512526,prefer,,,,c4_-om2-data-public-allenai-c4-c4-en-c4-train.00727-of-01024.json.gz.00804228
,,That's already been taken care of.,0.7416983158,already,,,cornellmov.6.031419,cornellmov.0190708
,,"Arrogant, sometimes ruthless people, but still.",0.7346411789,"ruthless,still",,,torontofantasy.6.300400,torontofantasy.3937471
,,There were signs of a struggle.,0.7279469736,struggle,,,torontomyst.6.147489,torontomyst.1902458
,"""It'll give you nightmares,"" he advised.","It'll give you nightmares,"" he advised.",0.7398992252,give,,,torontofantasy.6.347853,torontofantasy.4572412
,,But still it wasn't nearly enough.,0.7338414652,still,,,wsj.6.001648,wsj.301245
,,I couldn't hold back any longer.,0.7404744474,hold,,,torontofantasy.6.284559,torontofantasy.3702658
,,"I feel his presence, so strong...",0.7355556764,"presence,strong",,,cornellmov.6.024522,cornellmov.0146526
,,They're almost clear but not quite.,0.7231321361,almost,,,torontofantasy.6.459851,torontofantasy.5979443
1,,Room always clean! breakfast was good.,0.7378361422,clean,,,,c4_-om2-data-public-allenai-c4-c4-en-c4-train.00480-of-01024.json.gz.00419778
,,There were still several familiar faces.,0.7309267646,still,,,torontofantasy.6.187906,torontofantasy.2551732
,,Some have done some remarkable things.,0.73475634,remarkable,,,cocaspok2003.6.004445,cocaspok2003.0070939
,,Create amazing logos quick and easily.,0.7344759706,"amazing,quick",,,,c4_-om2-data-public-allenai-c4-c4-en-c4-train.00196-of-01024.json.gz.03696776
,,You still had to prove yourself.,0.7248647312,still,,,cornellmov.6.025919,cornellmov.0155477
,Such features make dramatic selling points.,Such features make dramatic selling points:,0.7340896299,such,,,wsj.6.002644,wsj.479456
,Tip: Convenient location with easy parking.,TIP: Convenient location with easy parking.,0.7400494032,easy,,,,c4_-om2-data-public-allenai-c4-c4-en-c4-train.00242-of-01024.json.gz.00524218
,,So make it easy for him.,0.7365336665,easy,,,,c4_-om2-data-public-allenai-c4-c4-en-c4-train.00491-of-01024.json.gz.01457739
,,They better be ready for me.,0.7309640664,better,,,torontofantasy.6.363149,torontofantasy.4751957
,,"A single mind, a single focus.",0.7394759456,focus,,,torontomyst.6.047539,torontomyst.667855
,,Disbelief only better served its purpose.,0.7393855445,better,,,torontoadv.6.022294,torontoadv.395853
,,Allow the battery to recharge overnight.,0.7381576149,recharge,,,,c4_-om2-data-public-allenai-c4-c4-en-c4-train.00470-of-01024.json.gz.02086783
,,"Strong wind, freezing rain and snow.",0.7374464874,strong,,,cocaspok2011.6.009063,cocaspok2011.0115228
,,Her desire to escape had fled.,0.7406973301,desire,,,torontofantasy.6.188127,torontofantasy.2554804
,,Have you drawn all your life?,0.7370589784,life,,,,c4_-om2-data-public-allenai-c4-c4-en-c4-train.00368-of-01024.json.gz.00032296
,,Even the beast seemed less afraid.,0.7342590255,afraid,,,torontofantasy.6.052863,torontofantasy.769064
,,Five of those are critically wounded.,0.7263439126,wounded,,,cocaspok2002.6.004096,cocaspok2002.0064868
,,Leave me be for a minute?,0.7359182576,leave,,,cornellmov.6.025808,cornellmov.0154700
,,It is round and relatively small.,0.7419272905,round,,,,c4_-om2-data-public-allenai-c4-c4-en-c4-train.00196-of-01024.json.gz.00463689
,,Getting to your session is easy.,0.7295630768,easy,,,,c4_-om2-data-public-allenai-c4-c4-en-c4-train.00491-of-01024.json.gz.03425111
,,His policies are out of touch.,0.7407177441,policies,,,cocaspok2012.6.003493,cocaspok2012.042683
,,"I'm not afraid of failure, no.",0.7421330294,afraid,,,cocaspok2011.6.006075,cocaspok2011.0076762
,,Had he calculated correctly for once?,0.7391561095,correctly,,,torontomyst.6.098967,torontomyst.1312574
,,The problem is not the teams.,0.7411231692,problem,,,cocaspok1996.6.006674,cocaspok1996.0082778
,,Great success tonight upon first attempt..,0.7197258015,attempt,,,,c4_-om2-data-public-allenai-c4-c4-en-c4-train.00918-of-01024.json.gz.02010395
,,But still Tom seemed to hesitate.,0.7395202274,still,,,torontomyst.6.139655,torontomyst.1809910
,,The application is easy to use.,0.7365315379,easy,,,,c4_-om2-data-public-allenai-c4-c4-en-c4-train.00480-of-01024.json.gz.01903559
,,And we can get even better.,0.7399361147,better,,,cornellmov.6.037064,cornellmov.0226935
,,Shipping was quick and easy too.,0.7381925068,"quick,easy",,,,c4_-om2-data-public-allenai-c4-c4-en-c4-train.00368-of-01024.json.gz.02503098
,,"He appeared startled, but seemingly unharmed.",0.7342133181,unharmed,,,torontofantasy.6.130370,torontofantasy.1785565
,,"It was clean, bright and comfortable.",0.7251128925,clean,,,,c4_-om2-data-public-allenai-c4-c4-en-c4-train.00491-of-01024.json.gz.04640240
,,It sends its own valuable signal.,0.7393394032,valuable,,,,c4_-om2-data-public-allenai-c4-c4-en-c4-train.00480-of-01024.json.gz.04433165
,,Because we're almost out of time.,0.7410017464,almost,,,cocaspok2006.6.007604,cocaspok2006.0118629
,,For a moment everything was still.,0.7381383062,still,,,torontofantasy.6.045538,torontofantasy.663824
,,We give you peace of mind.,0.7345327805,give,,,,c4_-om2-data-public-allenai-c4-c4-en-c4-train.00196-of-01024.json.gz.01642319
,,Focus on breathing deeply and slowly.,0.7275674452,focus,,,,c4_-om2-data-public-allenai-c4-c4-en-c4-train.00514-of-01024.json.gz.01272802
,,Its improper use cannot be tolerated.,0.7297252918,improper,,,,c4_-om2-data-public-allenai-c4-c4-en-c4-train.00491-of-01024.json.gz.03992143
,,His eyes were harsh and biting.,0.742141241,harsh,,,torontofantasy.6.221613,torontofantasy.2974194
,,And you'd be correct every time.,0.7298226291,every,,,cocaspok1994.6.000833,cocaspok1994.0011324
,,Every piece of them has power.,0.7336320337,every,,,torontofantasy.6.111599,torontofantasy.1603313
,,The damage might already be done.,0.7320372946,already,,,,c4_-om2-data-public-allenai-c4-c4-en-c4-train.00470-of-01024.json.gz.01306639
,,You still have time to plan.,0.7405393455,still,,,,c4_-om2-data-public-allenai-c4-c4-en-c4-train.00242-of-01024.json.gz.03651708
,,The problem must be faced squarely.,0.7319845335,"problem,must",,,brown.6.001147,brown.022504
,,Another manner is to time entries.,0.7355712265,manner,,,,c4_-om2-data-public-allenai-c4-c4-en-c4-train.00961-of-01024.json.gz.00430395
,,The last reported wind was calm.,0.7374360226,last,,,cocaspok2011.6.004318,cocaspok2011.0055041
,,It must be great being you.,0.7254586861,must,,,cornellmov.6.030832,cornellmov.0186949
,,He came to a sudden halt.,0.7378720536,halt,,,torontofantasy.6.091531,torontofantasy.1347071
,,Will tax cuts generate economic growth?,0.7395979292,cuts,,,wsj.6.000506,wsj.093974
,,"Every word still clear, still sure.",0.7407522812,"every,still,still",,,torontofantasy.6.186732,torontofantasy.2534965
,,We are full of literary people.,0.7378011147,full,,,wsj.6.002551,wsj.464077
,,Possibly the last of his kind.,0.7402787584,last,,,torontofantasy.6.020194,torontofantasy.293030
,,You have to make it last.,0.7423889261,last,,,torontofantasy.6.126495,torontofantasy.1742274
,,We are a very heterogeneous culture.,0.7420217981,culture,,,cocaspok1995.6.006701,cocaspok1995.086394
,,Perhaps something he was searching for.,0.7403702445,perhaps,,,torontofantasy.6.152230,torontofantasy.2072037
,,His focus remained on the fight.,0.7390570924,"focus,remained",,,torontofantasy.6.060190,torontofantasy.879574
,,Economic issues must also be resolved.,0.7245043223,must,,,cocaspok2003.6.003284,cocaspok2003.0056281
,,What is to become of me?,0.7389930148,become,,,cornellmov.6.019459,cornellmov.0113746
,,Many of them have been flawless.,0.721225576,flawless,,,cocaspok1992.6.003354,cocaspok1992.0043364
,,Aren't we full of ourselves today?,0.7312766642,full,,,cornellmov.6.018697,cornellmov.0108882
,,I will be worried about them.,0.73031163,worried,,,cocaspok2003.6.000879,cocaspok2003.0017228
,,Don't be afraid to be lazy.,0.7311442376,afraid,,,,c4_-om2-data-public-allenai-c4-c4-en-c4-train.00480-of-01024.json.gz.02438405
,,But it still had to hurt.,0.7413566666,"still,hurt",,,torontoadv.6.044396,torontoadv.756674
,,I feel very dependent on them.,0.7202541495,dependent,,,cocaspok2001.6.005788,cocaspok2001.0089720
,,Now be careful with that bag.,0.7414399752,bag,,,cornellmov.6.020406,cornellmov.0119558
,,It is not a serious proposal.,0.7402466289,serious,,,cocaspok2011.6.010396,cocaspok2011.0132520
,,Is such that I was stunned.,0.7407663275,such,,,,c4_-om2-data-public-allenai-c4-c4-en-c4-train.00727-of-01024.json.gz.01467931
,,We better get you cleaned up.,0.7332938022,better,,,cornellmov.6.023451,cornellmov.0139624
,,Is this the outcome we desire?,0.7343803237,"outcome,desire",,,,c4_-om2-data-public-allenai-c4-c4-en-c4-train.00514-of-01024.json.gz.03790853
,,Perhaps that was what he felt.,0.7413513359,perhaps,,,torontoadv.6.004042,torontoadv.73905
,,A festive reception concluded the afternoon.,0.7387777426,reception,,,,c4_-om2-data-public-allenai-c4-c4-en-c4-train.00480-of-01024.json.gz.04003834
,,You must stand up to him.,0.73216963,must,,,torontofantasy.6.041679,torontofantasy.602978
,,Have your job duties expanded substantially?,0.7383754756,duties,,,,c4_-om2-data-public-allenai-c4-c4-en-c4-train.00514-of-01024.json.gz.03043174
,Shouldn't we take every possible precaution?,Shouldn't we take every possible precaution --?,0.7279930174,every,,,cornellmov.6.037836,cornellmov.0231953
,,Cost effective plans for every business.,0.737796824,every,,,,c4_-om2-data-public-allenai-c4-c4-en-c4-train.00470-of-01024.json.gz.03372128
,,"Well, then, it must be fought.",0.7371813186,"must,fought",,,cornellmov.6.031390,cornellmov.0190525
,,I enjoyed every minute of it.,0.7351324919,every,,,cornellmov.6.005639,cornellmov.0032150
,,Sam's knees threatened to give out.,0.7343618188,give,,,torontofantasy.6.420727,torontofantasy.5548548
,,He was very kind and strong.,0.7316923674,strong,,,cornellmov.6.016826,cornellmov.0096918
,,You still have to be involved.,0.7227880401,still,,,cocaspok1997.6.004193,cocaspok1997.0049014
,,"Brand is courageous, thoughtful and wise.",0.7417409812,thoughtful,,,,c4_-om2-data-public-allenai-c4-c4-en-c4-train.00368-of-01024.json.gz.04287423
,,That phrase denied is so powerful.,0.7414997893,powerful,,,cocaspok2009.6.006580,cocaspok2009.0083927
,,Everyone was so impressed by it.,0.7362124196,everyone,,,,c4_-om2-data-public-allenai-c4-c4-en-c4-train.00368-of-01024.json.gz.03323174
,,And you have excellent survival skills.,0.7315331654,survival,,,torontomyst.6.152083,torontomyst.1954764
,,Meaning that you are not certain...?,0.7385595956,certain,,,torontofantasy.6.465933,torontofantasy.6056568
,,Perhaps they were not mere savages.,0.7378804122,perhaps,,,torontomyst.6.008278,torontomyst.116568
,,"A small, dimly glowing ball appeared.",0.7423637798,glowing,,,torontofantasy.6.058661,torontofantasy.851133
,,The suspects might be there already.,0.7360750347,already,,,cornellmov.6.015567,cornellmov.0088822
,,And Gerry was definitely physically strong.,0.7300308283,strong,,,torontomyst.6.174075,torontomyst.2212696
,,"But still, you can't be sure.",0.7376228063,still,,,cornellmov.6.013729,cornellmov.0077970
,,"When fully prepared, confidence comes easy.",0.7184103428,easy,,,,c4_-om2-data-public-allenai-c4-c4-en-c4-train.00491-of-01024.json.gz.01437911
,,Especially coated to ensure long life.,0.7420375184,life,,,,c4_-om2-data-public-allenai-c4-c4-en-c4-train.00727-of-01024.json.gz.03489903
,,Haven't there been enough casualties already?,0.7303241427,already,,,torontofantasy.6.349380,torontofantasy.4590912
,"It just makes me weary, somehow.","It just makes me weary, somehow.}.",0.7371222275,somehow,,,torontofantasy.6.364973,torontofantasy.4768863
,,Only managed to hurt her more.,0.7345220061,hurt,,,torontofantasy.6.261741,torontofantasy.3464485
,,"For example, just a quick statistic.",0.7404259018,quick,,,cocaspok2005.6.003230,cocaspok2005.0053700
,,We are afraid to touch him!,0.7323316589,afraid,,,torontomyst.6.066333,torontomyst.919290
,,Don't give me any of that.,0.7361429199,give,,,cornellmov.6.037343,cornellmov.0228726
,,"Besides, he had to get away.",0.7397345898,besides,,,torontoadv.6.005839,torontoadv.100239
,,Prefer not to break it up.,0.739033029,prefer,,,,c4_-om2-data-public-allenai-c4-c4-en-c4-train.00480-of-01024.json.gz.02270159
,,Anyone else having a similar problem?,0.7375586918,problem,,,,c4_-om2-data-public-allenai-c4-c4-en-c4-train.00491-of-01024.json.gz.02896193
,,He'd already tried to crawl once.,0.7392134357,already,,,torontofantasy.6.445522,torontofantasy.5813353
,,"So, stay strong for each other!",0.7340639439,strong,,,,c4_-om2-data-public-allenai-c4-c4-en-c4-train.00961-of-01024.json.gz.03196123
,The intentional infliction of emotional distress.,The Intentional Infliction of Emotional Distress.,0.737858938,intentional,,,cocaspok1993.6.003501,cocaspok1993.0046813
,,Changing the constitution is not easy.,0.7405801592,easy,,,cocaspok2006.6.006879,cocaspok2006.0108241
,,It was so peaceful for dining.,0.7385286972,peaceful,,,,c4_-om2-data-public-allenai-c4-c4-en-c4-train.00242-of-01024.json.gz.00580774
,,But you see a continuing problem.,0.7418895458,problem,,,cocaspok2010.6.012541,cocaspok2010.0162204
,,It was a somewhat startling feeling.,0.7199189606,somewhat,,,torontofantasy.6.097353,torontofantasy.1419950
,,I shouldn't have been forced here.,0.735186309,forced,,,torontofantasy.6.435400,torontofantasy.5732100
,,The excitement was almost too much.,0.7393940532,almost,,,torontofantasy.6.138648,torontofantasy.1893927
,,Easy on hand and good distance.,0.7391479517,easy,,,,c4_-om2-data-public-allenai-c4-c4-en-c4-train.00918-of-01024.json.gz.02250031
,,He was the one who spoke.,0.7409085295,spoke,,,torontomyst.6.146929,torontomyst.1896212
,,He was pretty easy to notice.,0.7325159397,easy,,,cocaspok2007.6.000422,cocaspok2007.0004546
,,Thoughts of a family soon followed.,0.7393462673,soon,,,cocaspok2007.6.006522,cocaspok2007.0086259
,,Sprint would give that to them.,0.7417232147,give,,,cocaspok2004.6.008413,cocaspok2004.0126125
,,They won't treat you any better.,0.7334695783,better,,,cocaspok1992.6.003847,cocaspok1992.0049357
,,Maybe you'll be entertaining guests soon.,0.7401623438,soon,,,,c4_-om2-data-public-allenai-c4-c4-en-c4-train.00196-of-01024.json.gz.01515699
,,You have every right to be.,0.7330845818,every,,,cornellmov.6.021879,cornellmov.0128907
,,I would give them to her.,0.7357875619,give,,,cocaspok2002.6.000024,cocaspok2002.0000424
,,I want you to throw up.,0.7371274104,throw,,,cocaspok2007.6.007417,cocaspok2007.0095445
,,That is another very good additional.,0.7418041339,additional,,,,c4_-om2-data-public-allenai-c4-c4-en-c4-train.00480-of-01024.json.gz.03244071
,,"And still it came, pushing forward.",0.7408631332,still,,,torontomyst.6.134997,torontomyst.1748416
,,A couple of really quick questions.,0.7326211438,quick,,,cocaspok2004.6.006102,cocaspok2004.0094119
,,It was a pretty weak throw.,0.7375902762,throw,,,cocaspok2009.6.006505,cocaspok2009.0082949
,,I have all of those already!!!,0.7374256141,already,,,,c4_-om2-data-public-allenai-c4-c4-en-c4-train.00961-of-01024.json.gz.00754425
,,And I got a clean record.,0.7404881369,clean,,,torontomyst.6.051965,torontomyst.727113
,,"Development of quick, responsive, optimised sites.",0.7252781008,"quick,responsive",,,,c4_-om2-data-public-allenai-c4-c4-en-c4-train.00368-of-01024.json.gz.04618051
,,Is that going to hurt him?,0.7412979712,hurt,,,cornellmov.6.031588,cornellmov.0192074
,,The clouds forming overhead worried him.,0.7420154568,worried,,,torontofantasy.6.429713,torontofantasy.5667860
,,I've been feeling low for weeks.,0.7365513362,low,,,cornellmov.6.021919,cornellmov.0129182
,,It's time to change it somewhat.,0.7366695634,somewhat,,,,c4_-om2-data-public-allenai-c4-c4-en-c4-train.00961-of-01024.json.gz.03759333
,,And the clothing is somewhat interesting.,0.7410164057,"clothing,somewhat",,,cocaspok1993.6.001962,cocaspok1993.0027171
,,So its phone number displays unknown.,0.7381221393,displays,,,,c4_-om2-data-public-allenai-c4-c4-en-c4-train.00196-of-01024.json.gz.00538930
,,I spoke with him three times.,0.7383515578,spoke,,,cocaspok2009.6.000437,cocaspok2009.0004486
,,"It would be less civilized, certainly.",0.7307062253,civilized,,,wsj.6.001790,wsj.322895
,,He forced himself to be deliberate.,0.7138974658,forced,,,brown.6.001410,brown.026877
,,Very quick with communication and responses.,0.734850444,quick,,,,c4_-om2-data-public-allenai-c4-c4-en-c4-train.00727-of-01024.json.gz.04864568
,,"Along with that, life isn't fair.",0.7361340593,life,,,torontofantasy.6.014686,torontofantasy.216586
,,"Well, one is I'm better prepared.",0.7416999802,better,,,cocaspok1999.6.006805,cocaspok1999.0091213
,,Give them the time they need.,0.7349051176,give,,,,c4_-om2-data-public-allenai-c4-c4-en-c4-train.00491-of-01024.json.gz.00792938
,,His serious expression changed to dread.,0.7374795671,"serious,expression",,,torontofantasy.6.282327,torontofantasy.3678665
,,"Bright, bold, textured and extremely innovative.",0.738734782,"extremely,innovative",,,,c4_-om2-data-public-allenai-c4-c4-en-c4-train.00514-of-01024.json.gz.04555717
,,It was a great media event.,0.7407926406,event,,,cocaspok1990.6.001430,cocaspok1990.0024127
,,Better than knowing individuals any day.,0.7287246342,better,,,torontofantasy.6.298577,torontofantasy.3910835
,,"Still, the Resistance has its ways.",0.7380537253,still,,,torontofantasy.6.003160,torontofantasy.42791
,,What are you afraid will happen?,0.7422218913,afraid,,,cornellmov.6.006194,cornellmov.0035231
,,Liquor Stores can be extremely profitable.,0.7372514337,extremely,,,,c4_-om2-data-public-allenai-c4-c4-en-c4-train.00470-of-01024.json.gz.03004041
,,"Regardless, the viewing was a comfort.",0.7328001183,"regardless,viewing",,,torontofantasy.6.202220,torontofantasy.2742965
,,And you will give me occasion.,0.7286730668,give,,,cornellmov.6.036198,cornellmov.0221353
,,"Well, I'm trying to educate him!",0.7365192757,educate,,,cornellmov.6.017019,cornellmov.0098065
,,Something had a hold on her.,0.7409429942,hold,,,torontofantasy.6.184063,torontofantasy.2498619
,,Will you give her a message?,0.7364436986,give,,,cornellmov.6.037466,cornellmov.0229604
,,You have a problem with it.,0.739161833,problem,,,cocaspok1996.6.002906,cocaspok1996.0036885
,,That might be a good sign.,0.7343932196,sign,,,torontomyst.6.136111,torontomyst.1763994
,"""We were extremely worried,"" Tovan responded.","We were extremely worried,"" Tovan responded.",0.7200658959,"extremely,worried",,,torontofantasy.6.033611,torontofantasy.487179
,,His strength was draining too quickly.,0.7373382585,strength,,,torontofantasy.6.388197,torontofantasy.5087558
,,Inspiration for every aspect of life.,0.7381783413,"every,life",,,,c4_-om2-data-public-allenai-c4-c4-en-c4-train.00242-of-01024.json.gz.02091611
,,It must be another business establishment.,0.7351596824,must,,,torontofantasy.6.080349,torontofantasy.1186144
,,You make that sound so easy.,0.7354729714,easy,,,torontofantasy.6.226668,torontofantasy.3030180
,,He must be good for something.,0.7379479023,must,,,,c4_-om2-data-public-allenai-c4-c4-en-c4-train.00727-of-01024.json.gz.01672391
,,Things to come to terms with.,0.7395143436,terms,,,cornellmov.6.039110,cornellmov.0240388
,,Though it appears you already have.,0.7377767283,already,,,cornellmov.6.037157,cornellmov.0227441
,,You better get used to it.,0.7413281764,better,,,cornellmov.6.030812,cornellmov.0186789
,,I'll give you your heart's desire.,0.7387015946,"give,desire",,,cornellmov.6.020981,cornellmov.0123377
,,Four affirmations are better than none.,0.7409820865,better,,,,c4_-om2-data-public-allenai-c4-c4-en-c4-train.00514-of-01024.json.gz.01756438
,,A heavy and generously proportioned object.,0.7280964022,heavy,,,,c4_-om2-data-public-allenai-c4-c4-en-c4-train.00242-of-01024.json.gz.04287436
,,I tend to avoid such situations.,0.7188099534,such,,,torontomyst.6.005456,torontomyst.76844
,,I was already prepared for that.,0.7377715142,already,,,cocaspok1995.6.002909,cocaspok1995.038442
,,They were almost to the woods.,0.7405234792,almost,,,torontofantasy.6.368350,torontofantasy.4817642
,,Better having two choices than one.,0.7291457583,better,,,,c4_-om2-data-public-allenai-c4-c4-en-c4-train.00961-of-01024.json.gz.03109702
,,Most markets are still relatively healthy.,0.7357842232,still,,,cocaspok2005.6.004469,cocaspok2005.0070938
,,Ostedes was more powerful than ever.,0.7311356609,powerful,,,torontofantasy.6.042236,torontofantasy.618411
,,I won't let them hurt you.,0.7370039212,hurt,,,torontofantasy.6.019201,torontofantasy.280372
,,They've suspended him for two days.,0.7415366845,suspended,,,cornellmov.6.017721,cornellmov.0102529
,,You have to give me something.,0.7332680296,give,,,torontofantasy.6.137288,torontofantasy.1879753
,,It was definitely a valuable experience.,0.7300642862,valuable,,,,c4_-om2-data-public-allenai-c4-c4-en-c4-train.00918-of-01024.json.gz.02556044
,,The sail was almost on him.,0.7342963012,almost,,,torontofantasy.6.463223,torontofantasy.6024097
,Give your content order and purpose.,Give Your Content Order And Purpose.,0.7405992089,give,,,,c4_-om2-data-public-allenai-c4-c4-en-c4-train.00491-of-01024.json.gz.03227237
,,His face devoid of all expression.,0.7326301089,expression,,,torontofantasy.6.443350,torontofantasy.5796459
,,Experts offer all kinds of advice.,0.7398886826,offer,,,cocaspok1991.6.000310,cocaspok1991.0005149
,,Reliable edge hold on firmer snow.,0.7389488135,hold,,,,c4_-om2-data-public-allenai-c4-c4-en-c4-train.00491-of-01024.json.gz.03156191
,,It is kind of getting tight.,0.7375619382,tight,,,cocaspok2009.6.011448,cocaspok2009.0148845
,,Practically everyone in Debrett's has one.,0.7420533408,everyone,,,,c4_-om2-data-public-allenai-c4-c4-en-c4-train.00961-of-01024.json.gz.02843641
,,That no longer is so easy.,0.7385941701,easy,,,wsj.6.002028,wsj.367571
,,Easy to fill and very durable!,0.7285133209,easy,,,,c4_-om2-data-public-allenai-c4-c4-en-c4-train.00514-of-01024.json.gz.01498543
,,"If you're ever afraid, call me.",0.7409807663,afraid,,,torontomyst.6.121645,torontomyst.1602249
,,Almost anyone could have written it.,0.7418198433,almost,,,brown.6.000796,brown.015656
,,Create a great life for yourself.,0.7314013159,life,,,,c4_-om2-data-public-allenai-c4-c4-en-c4-train.00918-of-01024.json.gz.03414440
,,They're already frustrated enough with you.,0.7236491673,already,,,torontofantasy.6.204019,torontofantasy.2765866
,,Everyone must make their own choices.,0.7399445635,"everyone,must",,,torontofantasy.6.059676,torontofantasy.871268
,,A life has been lost needlessly.,0.7366802951,life,,,cocaspok2007.6.008047,cocaspok2007.0102130
,,I desire credit life insurance only.,0.7397996842,"desire,life",,,,c4_-om2-data-public-allenai-c4-c4-en-c4-train.00196-of-01024.json.gz.01995963
,,So three triggers must be implemented.,0.7356524437,must,,,,c4_-om2-data-public-allenai-c4-c4-en-c4-train.00196-of-01024.json.gz.03417330
,,Stragen asked with a worried expression.,0.7385463185,"worried,expression",,,torontofantasy.6.412899,torontofantasy.5411991
,,They both walked out towards reception.,0.7368975702,reception,,,torontofantasy.6.013678,torontofantasy.199595
,,One can't help but be concerned.,0.733176143,concerned,,,cocaspok1996.6.000363,cocaspok1996.0005409
,,They're afraid they might get lost.,0.7414455875,afraid,,,cocaspok2001.6.000693,cocaspok2001.0013589
,,Storearmy Dashboard is the powerful tool.,0.7402831514,powerful,,,,c4_-om2-data-public-allenai-c4-c4-en-c4-train.00368-of-01024.json.gz.01170520
,,Can you hear me better now?,0.7423219578,better,,,cornellmov.6.015712,cornellmov.0089654
,,It was better not to resist.,0.7278150035,better,,,torontofantasy.6.179658,torontofantasy.2444922
,,We're finding strength to come forward.,0.7326249107,strength,,,cocaspok1994.6.004692,cocaspok1994.0058736
,Thanks everyone for making these possible!!,Thanks Everyone for making these possible!!,0.7300051572,everyone,,,,c4_-om2-data-public-allenai-c4-c4-en-c4-train.00470-of-01024.json.gz.02440337
,,The unfortunate consequences are already apparent.,0.725835349,already,,,,c4_-om2-data-public-allenai-c4-c4-en-c4-train.00242-of-01024.json.gz.04854831
,Virtually every retailer will carry them.,"""Virtually every retailer will carry them.""",0.7251314983,every,,,wsj.6.001541,wsj.280642
,,We must humble ourselves before him.,0.7280166199,must,,,,c4_-om2-data-public-allenai-c4-c4-en-c4-train.00514-of-01024.json.gz.02184591
,,Might be he'll need it soon.,0.7366788323,soon,,,torontofantasy.6.467015,torontofantasy.6069694
,,Just wanted to offer some feedback.,0.7332754896,offer,,,,c4_-om2-data-public-allenai-c4-c4-en-c4-train.00470-of-01024.json.gz.00996564
,,Because there were four separate items.,0.7331249974,separate,,,cocaspok1998.6.006631,cocaspok1998.0089976
,,It simply doesn't get any better!!,0.7377703562,better,,,,c4_-om2-data-public-allenai-c4-c4-en-c4-train.00480-of-01024.json.gz.00464343
,,Valuable for all levels of management.,0.7360739057,valuable,,,,c4_-om2-data-public-allenai-c4-c4-en-c4-train.00514-of-01024.json.gz.02897463
,,Powerful machine with variable speed control.,0.7423347854,powerful,,,,c4_-om2-data-public-allenai-c4-c4-en-c4-train.00918-of-01024.json.gz.00117866
,,Identify the problem to be addressed.,0.7221531232,problem,,,,c4_-om2-data-public-allenai-c4-c4-en-c4-train.00480-of-01024.json.gz.02196710
,,It must be throwing his game.,0.7337631762,must,,,torontofantasy.6.276684,torontofantasy.3620277
,,There must be a peace process.,0.736451471,must,,,cocaspok1997.6.009675,cocaspok1997.0118515
,,Cabins were very clean and comfortable.,0.7213792577,clean,,,,c4_-om2-data-public-allenai-c4-c4-en-c4-train.00196-of-01024.json.gz.01044447
,,I was frightened to begin with.,0.7355289376,frightened,,,cocaspok2008.6.004160,cocaspok2008.0051999
,,That was almost everything I had.,0.7420980689,almost,,,torontofantasy.6.332029,torontofantasy.4342528
,,Anyone tried to implement such features?,0.7272353802,such,,,,c4_-om2-data-public-allenai-c4-c4-en-c4-train.00480-of-01024.json.gz.01158589
,,Others can be harsh and unforgiving.,0.7299154754,harsh,,,,c4_-om2-data-public-allenai-c4-c4-en-c4-train.00961-of-01024.json.gz.02117895
,,Then remembered he wouldn't get hurt.,0.741706091,hurt,,,torontofantasy.6.407633,torontofantasy.5335173
,,Employers offer different types of benefits.,0.7352364694,offer,,,,c4_-om2-data-public-allenai-c4-c4-en-c4-train.00480-of-01024.json.gz.01554849
,,"Two hours, perhaps three, had passed.",0.7353987703,perhaps,,,torontoadv.6.033633,torontoadv.576097
,,Smooth sailing was already paying off.,0.7421721916,already,,,torontofantasy.6.274092,torontofantasy.3591948
,,Convincing the public hasn't proven easy.,0.7203867377,"convincing,easy",,,cocaspok2007.6.006297,cocaspok2007.0083736
,,Both sides are reporting heavy losses.,0.7288315827,heavy,,,cocaspok2000.6.003161,cocaspok2000.0055699
,,So I stopped caring and relaxed.,0.7394959185,caring,,,cocaspok1996.6.003932,cocaspok1996.0048114
,,You're still always second guessing yourself.,0.7363437766,still,,,cocaspok1992.6.007624,cocaspok1992.0104839
,,His sign will be his power.,0.7385649413,sign,,,torontofantasy.6.084209,torontofantasy.1245276
,,Perhaps you are tweeting too frequently.,0.7345609463,perhaps,,,,c4_-om2-data-public-allenai-c4-c4-en-c4-train.00514-of-01024.json.gz.01632784
,,Her lack of a social life.,0.737573621,life,,,torontomyst.6.087889,torontomyst.1181832
,,Are you afraid to be happy?,0.7256696924,afraid,,,torontofantasy.6.134040,torontofantasy.1835809
,,"Actually, I already work for you.",0.7420900775,already,,,cornellmov.6.027082,cornellmov.0163263
,,"Only the powerful, only the rulers!",0.7368597062,powerful,,,torontoadv.6.059896,torontoadv.994864
,,We'd be set up for life!,0.7323300475,life,,,cornellmov.6.016046,cornellmov.0091867
,,Only serious managers need to apply.,0.7328070964,serious,,,,c4_-om2-data-public-allenai-c4-c4-en-c4-train.00196-of-01024.json.gz.01904860
,,Still no trace of her signal.,0.7368157829,still,,,torontomyst.6.128827,torontomyst.1681330
,,Really kind of a wasted life.,0.7406043409,life,,,cocaspok1999.6.002034,cocaspok1999.0027783
,,"I mean, give me a break.",0.7422015928,give,,,cocaspok1992.6.003795,cocaspok1992.0048725
,,Life was not easy for me.,0.7359677477,"life,easy",,,cocaspok2007.6.000004,cocaspok2007.0000089
,,Of course time is a problem.,0.738701041,problem,,,,c4_-om2-data-public-allenai-c4-c4-en-c4-train.00491-of-01024.json.gz.00009630
1,,The photo's should be help full.,0.7399353343,full,,,,c4_-om2-data-public-allenai-c4-c4-en-c4-train.00470-of-01024.json.gz.04686388
,,"And every cat's watching, ain't they?",0.739827064,every,,,cornellmov.6.021473,cornellmov.0126408
,,"So, it was a good outcome?",0.7320232599,outcome,,,cocaspok2011.6.004070,cocaspok2011.0051928
,,How cheerful and comforting it looked.,0.7391291356,comforting,,,torontofantasy.6.246684,torontofantasy.3271974
,,"The machine, however, was always guarded.",0.7350642578,guarded,,,torontofantasy.6.176645,torontofantasy.2395250
1,,He said with a surprised expression.,0.741278213,expression,,,torontoadv.6.026075,torontoadv.455568
,,It should be a clean sport.,0.7349131841,clean,,,,c4_-om2-data-public-allenai-c4-c4-en-c4-train.00196-of-01024.json.gz.02048790
,,And I must stay with him.,0.7402683301,must,,,torontofantasy.6.384034,torontofantasy.5026504
,,"The plan is brief, yet comprehensive.",0.7346979693,brief,,,,c4_-om2-data-public-allenai-c4-c4-en-c4-train.00368-of-01024.json.gz.04723529
,,I suggest to reconsider my offer.,0.7390019986,offer,,,cornellmov.6.034767,cornellmov.0212165
,,"The resistance was determined, but ineffective.",0.7296946387,determined,,,torontoadv.6.012279,torontoadv.209751
,,Letting go of a certain outcome.,0.7283472326,"certain,outcome",,,,c4_-om2-data-public-allenai-c4-c4-en-c4-train.00470-of-01024.json.gz.01799308
,,This will become very relevant soon.,0.7381791624,"become,soon",,,,c4_-om2-data-public-allenai-c4-c4-en-c4-train.00242-of-01024.json.gz.00400510
,,Science practical components must be passed.,0.735983568,must,,,,c4_-om2-data-public-allenai-c4-c4-en-c4-train.00242-of-01024.json.gz.04751172
,,"I keep telling him, it's done.",0.7406058191,telling,,,torontofantasy.6.293987,torontofantasy.3841866
,,But strict harmonious symmetry of parts.,0.7400172547,harmonious,,,,c4_-om2-data-public-allenai-c4-c4-en-c4-train.00491-of-01024.json.gz.02983176
,,Easy to utilize and cost efficient.,0.7254865116,easy,,,,c4_-om2-data-public-allenai-c4-c4-en-c4-train.00918-of-01024.json.gz.00230913
,,"However, they prefer they remain confidential.",0.7384858467,prefer,,,,c4_-om2-data-public-allenai-c4-c4-en-c4-train.00491-of-01024.json.gz.04141313
,,Details of Taliesin's life are sparse.,0.7354260954,life,,,,c4_-om2-data-public-allenai-c4-c4-en-c4-train.00368-of-01024.json.gz.00902953
,,He must not keep him waiting.,0.731216263,must,,,torontofantasy.6.085469,torontofantasy.1266336
,,It wasn't that he was afraid.,0.7410923964,afraid,,,torontofantasy.6.307329,torontofantasy.4030297
,,Still very vulnerable to percussion weapons.,0.7388093577,still,,,,c4_-om2-data-public-allenai-c4-c4-en-c4-train.00961-of-01024.json.gz.04886945
,,We have a strong innovation pipeline.,0.7423470412,strong,,,,c4_-om2-data-public-allenai-c4-c4-en-c4-train.00514-of-01024.json.gz.03239524
,,Not everyone was against the creatures.,0.7381863692,everyone,,,torontofantasy.6.034017,torontofantasy.495173
,,Better than I'd ever felt before.,0.7414177374,better,,,torontofantasy.6.457982,torontofantasy.5950568
,,So give them a heads up.,0.7371892303,give,,,cocaspok2006.6.001088,cocaspok2006.0018161
,,Mountains remind me of unhappy times.,0.7399019827,remind,,,torontofantasy.6.006032,torontofantasy.84061
,,They usually have a strong accent.,0.7364017418,strong,,,,c4_-om2-data-public-allenai-c4-c4-en-c4-train.00196-of-01024.json.gz.01843639
,,But he was still shaking slightly.,0.735364057,still,,,torontomyst.6.108101,torontomyst.1425220
,,We're all still feeling our way.,0.7336404301,still,,,torontomyst.6.154875,torontomyst.1992427
,,Plan every stop along the way.,0.7416227289,every,,,cornellmov.6.020848,cornellmov.0122475
,,Perhaps it had been too mean.,0.7406264613,perhaps,,,torontomyst.6.080021,torontomyst.1087360
,,We think that it was intentional.,0.7409149391,intentional,,,cocaspok2010.6.011031,cocaspok2010.0142867
,,"Sure, hard to argue with that.",0.7385394177,argue,,,,c4_-om2-data-public-allenai-c4-c4-en-c4-train.00918-of-01024.json.gz.03257126
,,"Citizens' sons, almost all of them.",0.741730343,almost,,,torontofantasy.6.148116,torontofantasy.2013953
,,Power wasn't easy to give up.,0.7309034299,"easy,give",,,torontofantasy.6.271689,torontofantasy.3567229
,,Drawing is extremely easy and fun!,0.7337454872,"extremely,easy",,,,c4_-om2-data-public-allenai-c4-c4-en-c4-train.00196-of-01024.json.gz.04697138
,,Perhaps I should return to them.,0.7358982716,perhaps,,,torontofantasy.6.180953,torontofantasy.2460253
,,But it made me feel better.,0.740411522,better,,,torontofantasy.6.037718,torontofantasy.560561
,,Will Stable Court become a reality?,0.7363032323,become,,,,c4_-om2-data-public-allenai-c4-c4-en-c4-train.00242-of-01024.json.gz.02454301
,,Must one always be after something?,0.7240053839,must,,,cornellmov.6.004076,cornellmov.0022873
,,"The far more convenient, the better.",0.7377226138,better,,,,c4_-om2-data-public-allenai-c4-c4-en-c4-train.00727-of-01024.json.gz.02092856
,,Hadn't he made that clear already?,0.741440205,already,,,torontofantasy.6.261105,torontofantasy.3458633
,,Telling me wouldn't have changed anything.,0.7342469115,telling,,,torontofantasy.6.333191,torontofantasy.4357516
,,I retort trying to sound convincing.,0.7312166575,convincing,,,torontomyst.6.035463,torontomyst.502285
,,"Number one, let's focus on jobs.",0.7318245178,focus,,,cocaspok2008.6.008745,cocaspok2008.0107632
,,I'm not forcing them to leave.,0.7370671199,leave,,,cocaspok1994.6.000053,cocaspok1994.0000768
1,,"He said,""Okay."" Jack's so easy going.",0.74122894,easy,,,cornellmov.6.035118,cornellmov.0214261
,,Implement continuous and routine improvement ideas.,0.7166041751,routine,,,,c4_-om2-data-public-allenai-c4-c4-en-c4-train.00470-of-01024.json.gz.04850425
,,"If not, then they're already empty.",0.7418305979,already,,,,c4_-om2-data-public-allenai-c4-c4-en-c4-train.00480-of-01024.json.gz.01636827
,,Give me a reason not to.,0.7285574864,give,,,cornellmov.6.014243,cornellmov.0081017
,,That must make you very proud...,0.7356134452,must,,,cornellmov.6.024361,cornellmov.0145490